x,y,z,role_id
0.00793252415457917,-0.1972342590015149,-0.11636661028804862,0
0.007932524154579144,-0.1972342590015148,-0.11636661028804852,0
0.007932524154579056,-0.19723425900151526,-0.1163666102880482,0
0.00793252415457913,-0.1972342590015149,-0.11636661028804841,0
0.007932524154579113,-0.19723425900151495,-0.11636661028804829,0
0.00793252415457913,-0.19723425900151487,-0.11636661028804829,0
0.007932524154579103,-0.1972342590015151,-0.11636661028804829,0
0.007932524154579094,-0.197234259001515,-0.11636661028804825,0
0.007932565150859477,-0.19723404422984278,-0.1163664832777352,0
0.00793256515085945,-0.19723404422984278,-0.11636648327773513,0
0.00793252415457911,-0.19723425900151512,-0.11636661028804828,0
0.007932524154579113,-0.1972342590015151,-0.1163666102880482,0
0.007932524154579084,-0.19723425900151506,-0.11636661028804818,0
0.007932524154579079,-0.19723425900151512,-0.11636661028804811,0
0.007932524154579084,-0.19723425900151514,-0.11636661028804814,0
0.007932565150859452,-0.19723404422984286,-0.11636648327773513,0
0.023674499801431055,-0.21881752481883063,-0.11772663003735628,0
0.00793252415457913,-0.19723425900151503,-0.11636661028804822,0
0.007932565150859482,-0.19723404422984278,-0.11636648327773517,0
0.007932565150859466,-0.19723404422984284,-0.11636648327773513,0
0.007932524154579065,-0.1972342590015152,-0.116366610288048,0
0.007932565150859477,-0.19723404422984278,-0.11636648327773513,0
0.007932565150859465,-0.19723404422984284,-0.11636648327773516,0
0.02367449980151604,-0.21881752481871494,-0.11772663003752287,0
0.007932524154579056,-0.19723425900151512,-0.11636661028804793,0
0.007932524154579077,-0.19723425900151514,-0.11636661028804794,0
0.007932524154579073,-0.1972342590015151,-0.11636661028804794,0
0.007932524154579075,-0.19723425900151512,-0.11636661028804797,0
0.007932565150859477,-0.19723404422984275,-0.1163664832777351,0
0.00793256515085953,-0.19723404422984273,-0.1163664832777352,0
-0.08087101280629282,0.17527713423967212,0.15945601337374557,1
-0.01193451434819388,-0.047062596048826,0.11727225529604537,1
-0.10167868091721656,0.15826091464416092,-0.03785991602824643,1
-0.14082190977994202,-0.062286084874774994,0.19654304145154466,1
-0.12670760543653267,-0.002538597449632512,0.14237169327658358,1
-0.0808710204444801,0.17527713187174662,0.15945601315462962,1
-0.15521899411780385,-0.16676477844779086,0.08932479825207944,1
-0.11901654570609282,0.12538050025712494,0.20953909989954633,1
0.018405938403626143,-0.16532130048927246,0.026746674106940996,1
-0.1754986663225277,0.21056431221803576,0.19584389315673253,1
0.1784275706892904,-0.08091263471507136,0.11347585404381225,1
0.28063215679657566,0.04024637296030441,-0.05111467156564841,1
-0.10167868071625229,0.1582609147852571,-0.03785991589987408,1
-0.11901654636936003,0.12538049992280723,0.20953909976204535,1
-0.04782025591026105,0.059647040794697445,0.10773508595912021,1
-0.13226399847359888,0.12938426694044902,0.20146994812972902,1
-0.018164911309370337,0.047722984814768166,0.10902936737716788,1
0.10871572733647486,-0.10232432528723798,0.14701822767358938,1
-0.036860516340483006,0.05358162619968557,0.1625786645373916,1
0.07082532994256033,-0.027308529204252443,0.12610639198022766,1
0.07070662518759527,-0.0571866146883679,0.09284426340454208,1
0.023844232136676767,-0.09533951461943298,0.29775175615155247,1
0.1765974334875315,-0.05185372506408236,0.11209167024200146,1
-0.06419612249430902,0.16959449110594055,0.30318321361316275,1
-0.18154567406010905,-0.1188433814664539,-0.12243668395600912,1
-0.15188016635992613,0.34217081857927006,0.2037793981620758,1
-0.07689265319337149,-0.10647518697638288,0.18174718028570772,1
-0.11901654591025057,0.12538050015421962,0.20953909985722316,1
-0.06889366308803022,-0.06554093623080529,-0.17607886684146792,1
-0.05089996257244787,-0.04667404162609934,-0.1785314672883311,1
-0.0035684714850406666,-0.044810029841737355,0.10744034470477651,1
-0.11901654590974552,0.1253805001544744,0.20953909985732816,1
-0.030780176835792462,-0.011494228816887102,0.050520669023896146,1
-0.09557084436256093,0.12420157451622496,0.20643598833891683,1
0.16993401210461082,0.28293178664844937,0.20560778239665234,1
-0.1322638213746624,0.12938416432763605,0.20146989773745677,1
-0.18419822351430074,-0.15567809776775868,-0.15004298354017967,1
-0.15052832860131615,-0.08795600786769182,-0.22339114411055724,1
-0.15344035621306099,0.04202829045804397,0.04712066628875894,1
-0.04707648965558386,0.04449943368429203,0.07634092623611227,1
-0.06740462353686974,0.0875458315316041,0.1245144230953324,1
-0.0808710133151886,0.17527713408191092,0.1594560133591439,1
-0.011934514348193865,-0.04706259604882596,0.11727225529604537,1
-0.0035684714850145395,-0.044810029841681545,0.1074403447047948,1
0.07938274138712595,-0.09347984364101919,0.1827483684040755,1
0.0040283050132855535,-0.04814452245120678,0.09993928553107832,1
-0.01390009713729005,-0.33548002468846966,0.06732996562471906,1
-0.007691237411250428,-0.08090164220570327,0.16076694181808285,1
-0.09701747786155075,0.016595600299034518,0.12690402521380192,1
0.08684680702020806,0.11919029689546229,0.13743480791474152,1
0.17842757068792728,-0.08091263472960471,0.11347585403598366,1
-0.08087103078119241,0.17527712866722825,0.15945601285812347,1
-0.10981212714710815,-0.11051194337763985,-0.183807131760886,1
-0.006177786506454724,0.12819880328870892,-0.033046481750387546,1
-0.13992456891559288,-0.12226070408111911,-0.21809639379251153,1
0.18539822223298297,-0.21417435742535273,-0.037503319267877436,1
-0.17550070036769622,0.21056316345014997,0.19584344098607942,1
0.2806321672878697,0.040246770172928104,-0.051114219162487824,1
-0.09427371649555576,-0.18299333650779653,0.15538305790312132,1
0.06481613018219273,-0.06392227962355426,0.06621471962689891,1
-0.16058930391224846,-0.17466377553908066,-0.17506678371032475,2
-0.1605893039122482,-0.1746637755390803,-0.17506678371032472,2
-0.16058930391224857,-0.17466377553908038,-0.17506678371032486,2
-0.1605893039122485,-0.17466377553908044,-0.17506678371032475,2
-0.16058930391224857,-0.17466377553908038,-0.17506678371032475,2
-0.16058930391224832,-0.17466377553908047,-0.17506678371032464,2
-0.16058930391224846,-0.1746637755390804,-0.17506678371032477,2
-0.1605893039122487,-0.17466377553908022,-0.17506678371032453,2
-0.1605893039122485,-0.1746637755390803,-0.17506678371032472,2
0.19859322444973243,-0.03983844997285114,-0.25422726597260803,2
-0.16058930391224852,-0.17466377553908038,-0.1750667837103247,2
-0.16058930391224835,-0.17466377553908022,-0.17506678371032458,2
-0.1605893039122485,-0.17466377553908022,-0.1750667837103245,2
-0.16058930391224857,-0.17466377553908038,-0.1750667837103247,2
-0.16058930391224857,-0.17466377553908036,-0.1750667837103247,2
-0.16058930391224832,-0.17466377553908022,-0.17506678371032453,2
-0.16058930391224874,-0.17466377553908025,-0.17506678371032458,2
-0.16058930391224857,-0.1746637755390803,-0.1750667837103246,2
0.19859323101610366,-0.03983844148400166,-0.2542272617032742,2
-0.1605893039122487,-0.17466377553908016,-0.17506678371032444,2
-0.1605893039122485,-0.17466377553908022,-0.17506678371032453,2
-0.1605893039122485,-0.17466377553908025,-0.17506678371032453,2
-0.16058930391224857,-0.17466377553908016,-0.17506678371032453,2
-0.16853298523805008,0.006794242166418908,0.20169437374678667,2
-0.14425045689963095,-0.1515421155377539,-0.19723794041805723,2
-0.16058930391224882,-0.17466377553908013,-0.1750667837103245,2
-0.1605893039122485,-0.17466377553908013,-0.17506678371032444,2
-0.16058930391224854,-0.1746637755390801,-0.17506678371032441,2
-0.16058930391224868,-0.17466377553908008,-0.17506678371032441,2
-0.1605893039122487,-0.17466377553908005,-0.17506678371032444,2
-0.1605893039122486,-0.17466377553908005,-0.17506678371032444,2
-0.16058930391224874,-0.17466377553908008,-0.17506678371032436,2
-0.1605893039122487,-0.17466377553908005,-0.17506678371032444,2
-0.1605893039122487,-0.17466377553908,-0.1750667837103244,2
0.19859322476352392,-0.03983844956445039,-0.254227265768848,2
0.19859322592023135,-0.03983844806613665,-0.2542272650170598,2
-0.1605893039122487,-0.17466377553907994,-0.1750667837103244,2
-0.1605893039122487,-0.17466377553907997,-0.17506678371032436,2
0.0041490338673808805,0.32600229910998574,0.12977978841612373,3
-0.16834498161783737,-0.14739422402090221,0.10024086631317367,3
0.0610718912524534,0.25068058656866915,-0.2133388310569166,4
-0.1278640201603534,0.2133623204328717,-0.10758273560380396,4
0.0106972787863926,0.17616486607298218,-0.23254282252317618,4
0.01069728605640243,0.17616487927965743,-0.23254281081081007,4
0.01069723109945334,0.17616478005805125,-0.23254289884561477,4
-0.23027752133660084,-0.04178686091674225,0.17852320205230193,5
-0.06631074270924445,-0.10916060936257571,0.06389042714513998,5
0.08678315508950744,0.03967245549972288,0.1670055149019126,5
-0.13598750501214532,-8.873995437130367e-07,-0.14295952368595952,5
-0.03516301539396131,-0.22920989871871184,0.2880185129937217,5
-0.07055912398951115,-0.06492763110706103,0.11350380738181144,5
-0.11360973569058173,-0.19568837314821907,0.19874608534261318,5
-0.11904317039098208,-0.043334206766683925,0.12708264595632485,5
-0.12448841772986043,0.09221190392953878,0.07950493817319629,5
0.05362259133659394,-0.20185775059853592,0.3630176397457243,5
0.08938775320387578,-0.0906908501865386,0.29340193118410557,5
-0.03603306927233387,0.055568526257900805,0.1382375735464915,5
0.1396523364072876,0.08723022229912789,0.346013800430261,5
0.2666226953054401,-0.05054058143991009,0.31296736312778145,5
-0.17257792457047544,-0.1057435959506907,0.45178507704419624,5
-0.1071593878618988,0.004740172478799946,0.1976916876196245,5
0.008555371200905635,0.006564965007467102,0.12807791391074808,5
-0.05940571102473799,0.02788118269096037,0.13454705000547182,5
-0.020820198999765414,-0.02249659198857081,0.22703270000258868,5
-0.09824903296172778,-0.17646499505254004,0.36468657463718795,5
0.07339477623573294,-0.2111928315970653,0.20387167010002644,5
-0.1172686874647625,0.070314585792339,-0.017588779360356056,5
-0.11882332804188854,0.011303767897254867,0.36673335452404154,5
0.04414410977200159,-0.045655486986852234,0.25372669980284085,5
-0.06631074270924495,-0.10916060936257531,0.06389042714514012,5
-0.021180121468604936,0.07690692924678909,0.28763914125091744,5
-0.12870597127530595,0.025137346952492964,0.09565672123331498,5
-0.03639489888379218,-0.09372543827443652,0.22542121472467133,5
-0.0022564527953253355,-0.029703241419155726,0.23210160493762055,5
-0.057194733773842946,-0.21297054715266991,0.12747099744136545,5
0.11243265054277965,-0.07217841954620088,0.23721584640140353,5
-0.09289461811197672,-0.12019347535914665,0.3194625369567425,5
-0.007009767780084574,0.009433660059965269,0.1198708042012427,5
-0.022810750359969722,-0.1314382955717428,0.2099661326579542,5
-0.020882165422029426,-0.2276177860891527,0.18593756668443606,5
-0.07905890720637039,-0.02726785308907986,0.2364897518793613,5
0.037417076648635035,-0.09060977908042844,0.11163619942870916,5
0.13094120802306278,0.1141459110831964,0.19830952561298787,5
-0.2302775204547294,-0.04178685987285601,0.17852320327454224,5
-0.09711595166703925,-0.13086346586766834,0.5732423375985455,5
-0.007009767780084736,0.009433660059965106,0.11987080420124271,5
-0.050342728864295846,0.0020897322476784385,0.06684380433718716,5
-0.01972254880453791,-0.038663613069713686,0.2251849628436659,5
-0.05918840065274012,-0.11897882038587682,0.17772738678128744,5
-0.12195671556868178,0.04625361943911995,-0.018962349158626362,5
-0.1261649972904029,0.02950477862685896,0.2285505111745695,5
-0.2426258923664387,-0.17944676581102884,0.22313681233917432,5
-0.16871942387981692,-0.09026021096468395,0.25190091282124205,5
-0.07996397191552686,0.06850957804100427,0.1949324827802823,5
-0.06745003280554034,0.2240378126238917,0.5460651143410726,5
0.07152334321239319,0.1498886597397809,0.32827389397755746,5
-0.11125400995854483,-0.015433247695223638,0.1361730101754778,5
0.1124017964538815,0.1510053825734513,0.2372039242440368,5
-0.009790195976178842,0.06292919366945711,0.05899676779801548,5
0.07256649593239904,0.022327909302030987,0.3122233912653193,5
-0.13598750501214538,-8.873995437246279e-07,-0.14295952368595943,5
-0.14241195015052982,-0.16776402829018783,0.3309926466783554,5
0.11331714311721372,-0.04360843780230172,0.2770422420363304,5
-0.0999595072015382,-0.0419218605436092,0.13841695041745963,5
-0.1568245917117593,-0.20619575602039725,0.26358996215851427,5
-0.06059376598404326,-0.09469310980595147,0.11362734585684398,5
-0.07643614470678634,-0.09477447980737702,0.12778809486525128,5
-0.028602497997370132,-0.1177012372733668,0.20634807635015634,5
-0.09364990489614675,-0.09838750839460235,0.5209603651498641,5
-0.1662681460312158,-0.04090492833064142,0.11778401484568314,5
0.1044668886335024,0.047081673153832666,0.2562965650440835,5
-0.06409167667255372,-0.19240014878016348,0.22049272108509438,5
-0.1651949157358387,-0.1104039401855601,0.3913827374440917,5
-0.07528449282185633,-0.21095379144348878,0.0970476476996277,5
-0.09439835587431623,-0.04272215819947183,0.2808131145084616,5
-0.14254388152229758,0.009976938088576517,0.0851609970152092,5
-0.20955383032197372,-0.16840611280308265,0.256181729738956,5
-0.00034504947385792566,0.09670519136580437,0.23515871102819427,5
0.006768116471172638,-0.12406122184444038,0.07588656378035184,5
-0.016160257922951924,-0.12148432167247795,0.3035275675886221,5
-0.14699497894600713,-0.14884370189215354,-0.07977101779051751,6
-0.1491765620783771,-0.11910650366940653,-0.11798788521396616,6
-0.146994978946007,-0.14884370189215354,-0.07977101779051753,6
-0.1491765620783771,-0.1191065036694065,-0.11798788521396616,6
-0.14699497894600722,-0.1488437018921534,-0.07977101779051751,6
-0.12065450089239291,-0.10557360151360462,-0.05610958919464327,6
-0.14699497894600713,-0.1488437018921536,-0.07977101779051753,6
-0.14699497894600727,-0.1488437018921534,-0.07977101779051747,6
-0.1469949789460072,-0.14884370189215346,-0.07977101779051751,6
-0.1491765620783771,-0.11910650366940656,-0.1179878852139661,6
-0.09173709558657206,-0.19020253799007383,-0.218133678169203,6
-0.1469949789460073,-0.1488437018921534,-0.0797710177905175,6
-0.1469949789460072,-0.14884370189215346,-0.07977101779051751,6
-0.14699497894600724,-0.14884370189215346,-0.0797710177905175,6
-0.12065450089239288,-0.10557360151360465,-0.05610958919464323,6
-0.09173709558657896,-0.19020253799010767,-0.21813367816917395,6
-0.118204096616046,-0.10421622319970311,-0.05368748228656907,6
-0.14917656207837698,-0.11910650366940656,-0.11798788521396612,6
-0.14699497894600735,-0.14884370189215337,-0.07977101779051755,6
-0.14699497894600744,-0.1488437018921533,-0.07977101779051753,6
-0.1469949789460074,-0.14884370189215337,-0.07977101779051754,6
-0.1491765620783771,-0.11910650366940663,-0.1179878852139661,6
-0.12065450089239285,-0.10557360151360468,-0.05610958919464325,6
-0.14917656207837704,-0.11910650366940663,-0.117987885213966,6
-0.14699497894600755,-0.14884370189215335,-0.07977101779051762,6
-0.14699497894600755,-0.14884370189215335,-0.07977101779051762,6
-0.1469949789460076,-0.1488437018921532,-0.0797710177905176,6
-0.14699497894600755,-0.1488437018921533,-0.07977101779051758,6
-0.1469949789460076,-0.14884370189215324,-0.07977101779051761,6
-0.14699497894600766,-0.1488437018921532,-0.07977101779051758,6
-0.11820409661604601,-0.10421622319970308,-0.05368748228656914,6
-0.14699497894600763,-0.14884370189215324,-0.07977101779051761,6
-0.12065450089239288,-0.10557360151360468,-0.05610958919464322,6
-0.14917656207837698,-0.11910650366940667,-0.11798788521396596,6
-0.14699497894600763,-0.1488437018921531,-0.07977101779051764,6
-0.1469949789460077,-0.1488437018921531,-0.07977101779051765,6
-0.09173709558658111,-0.19020253799011824,-0.21813367816916482,6
-0.14917656207837704,-0.1191065036694067,-0.11798788521396592,6
-0.11820409661604608,-0.10421622319970308,-0.05368748228656912,6
-0.11820409661604604,-0.10421622319970307,-0.05368748228656909,6
0.36875712491781937,0.3739768767765569,-0.1655779064572601,7
0.07212680999717733,0.3410450087998858,-0.006352575784882056,7
0.45971875984611144,0.47455471787522086,0.027840931221196984,7
0.16745297957952596,0.34130785342906744,0.007851471835383358,7
0.20602528656357783,0.42796101756825816,-0.10843539740010624,7
0.062123968576519084,0.41899853904556533,-0.11031596319728891,7
0.023753713668897763,0.3964003903777608,0.06187063522640643,7
0.017382952005038015,0.5129216007664833,-0.2025046333117654,7
-0.025694936924575883,0.3873171585715241,-0.15386406020576854,7
0.2099738097838631,0.6459530769738733,0.053230003159471476,7
0.16220371575460849,0.29844693497336505,-0.006884575229709338,7
0.36185774682099464,-0.20867636615157928,0.31810446217435584,7
0.07883806415068598,0.37845465017698865,0.17112289933309566,7
0.3602065808635288,0.31866628718437884,0.08387937018874204,7
-0.00307111469648533,0.34979061900567765,0.16057494541709988,7
0.16807459613523537,0.41659513671525,-0.04520839299089135,7
-0.05581693522154118,0.3064705275961715,-0.19092212751848286,7
0.1385859017282655,0.43681173971945064,0.18211266325093256,7
0.026256128873276885,0.16908869650465505,0.11813303745946269,7
0.1261976922649106,0.36018125742250123,0.016620542871711726,7
0.08497712009580896,0.5231703789333424,-0.08382973313736572,7
-0.0030757033406218306,0.3497884220355996,0.16058025123214134,7
-0.060575651394735565,0.056799264061252554,0.03555702344662731,8
-0.04285099011761119,0.17230667085559398,0.10869074576863702,8
-0.06738170342318624,-0.3159666801279991,-0.06498879763361973,8
0.05511286384612798,-0.05695011303094515,-0.305342110784279,8
0.05510965365937139,-0.05694406050719588,-0.30534349449959924,8
-0.019164380529989155,-0.19009752154248893,-0.007184002390085823,9
-0.3773054128311972,-0.14404507279168224,0.1411697666673654,9
-0.0924965593297755,-0.15400070064529547,-0.34642283321330514,9
0.13906989062611103,-0.38183308379749903,-0.08492181414228889,9
0.1615342257645816,-0.3898927925754401,-0.1681138996592069,9
-0.11358826969280743,-0.31676026600210755,0.21011368116476015,9
-0.0837182220361914,-0.17515644753194415,0.08836234945356537,9
0.2980896243013301,0.2623587588351043,0.02682993410873068,9
0.21409663184313485,0.18578413139462935,0.09136480404032084,9
-0.17802848428713294,0.09587826207450925,0.24927214486242583,9
0.04072151203799508,-0.1122920845728062,0.3671580002945091,9
-0.0191641705357576,-0.1900974957047746,-0.007184081383286997,9
0.15631058462442823,0.20300341403737898,0.3007106231547478,9
-0.055392799045806115,-0.2624813753918894,0.13452069100163877,9
-0.17860716188945766,-0.272865923872739,0.2619030074487345,9
-0.22125632487175764,-0.03534740722415438,0.23795019649932977,9
-0.052992956120816115,-0.09198428142121268,0.18213874032159363,9
-0.13453218826223953,-0.38463899811074737,0.15774073610072484,9
-0.36664456151106634,0.015508515532489497,0.20576857420824526,9
-0.13409276872599407,-0.04862131999731746,-0.3505043749000754,9
-0.030939129023586608,0.06640125827578051,0.18382478133945426,9
0.2630861921640513,-0.2831461027503817,0.18212183542201263,9
-0.04233373513968068,-0.023045722813758246,0.16348816941520702,9
-0.020270422097315687,0.0015705755268643638,0.25959176104068604,9
-0.055392303264631085,-0.26248141201219444,0.13452080078506284,9
0.21499358803845026,0.06255988122329824,0.17849726865867815,9
-0.26625617724048806,-0.12170556228216017,-0.01955849603023984,9
-0.253374069028573,-0.0719439881720139,0.06434670745767021,9
0.05537992424347387,-0.25644227721466567,-0.312718770960507,9
-0.253374069226511,-0.0719439874087865,0.06434670749682181,9
-0.29777614414551457,0.0028940138420622008,-0.10647990587682996,9
-0.06927482147395586,-0.17381824778355667,0.2537645247921875,9
0.21000663496176,0.1937957756837236,0.25257614627420943,9
-0.018755296522432963,-0.28483203776180854,0.2623607048077339,9
-0.18619685216920945,-0.35236626227435697,0.0072153164863229145,9
-0.21776350921756077,-0.006510757659827302,-0.022873134616249274,9
-0.1761564999739495,-0.03859463182471593,-0.15803072547084965,9
-0.17615649997384666,-0.03859463182469611,-0.15803072547095162,9
-0.016076766330673273,-0.13934389131606886,-0.014926259899765077,9
-0.13376569380897976,0.14047510873506422,0.24006426453262936,9
-0.15199377141308995,-0.15836021698883376,0.143651510248267,9
-0.01114602013478829,-0.21106769125081482,0.1770584802242242,9
-0.2892473154775704,0.001587510975527509,0.03128609747615153,9
-0.25337407099560844,-0.0719439805900402,0.06434670784441737,9
-0.020272864959772048,0.0015688073609956945,0.25959171270974907,9
-0.19765769421529897,-0.25246278383806403,0.09326596286656808,10
0.2069254930200068,0.21482413995405764,0.20988751632160113,11
0.3265985991350647,0.28556724861526234,0.12873337403789958,11
0.08096054882509542,0.29447808762539623,0.06517703947786181,11
0.08636438675015737,0.1124942795434442,0.28725158912478266,11
0.10793549751027917,0.2362949186808506,0.24215105278558668,11
0.32545498764933956,0.2994713836601026,0.15048905089833342,11
0.09349711631956496,0.11500235546607758,0.2902574471226661,11
0.33713098650070494,0.25559080564338965,0.10983508686642277,11
0.07213740362724982,-0.14893046634096738,0.31202003383351246,11
0.3254638960323022,0.2800095630589952,0.10992972769651138,11
0.4167055802059262,0.2582000518677475,-0.1438439581710563,11
0.07319310490357733,-0.14635258279022773,0.312929517760216,11
0.10793507846923936,0.23629429140996033,0.2421519209155188,11
0.14241044324434124,0.3507151891990704,0.22990631884132134,11
-0.22180722613768997,-0.10846649271918284,0.1912321317054088,11
0.31574038261085896,0.28426915413359577,0.12935200260781005,11
0.09280377993121204,-0.19645775982780367,0.06585661077284732,12
0.16100657486407344,-0.17597353086049008,-0.11258693717122281,12
-0.15653949146580143,-0.033715743000496186,-0.010869829004413899,12
0.20819196666549072,0.05671870933882299,-0.010084039936128794,12
-0.2903297055354458,-0.2023880974606075,0.10151850608597951,12
0.2300246304990962,-0.18613830624814348,-0.2670420336959264,12
0.19017339373261666,-0.1139059123682421,-0.0058264630015300006,12
0.19101145684266282,-0.18280183099645383,0.0370518991862523,12
0.20700135905835693,-0.025508466904670606,0.06872806173660446,12
0.2713330335644892,-0.17693395486130278,0.07651303808454214,12
0.19217962641192485,0.04708354784281428,0.021841001752833347,12
0.15823040611457934,-0.15738669289809004,0.0008125270203477785,12
0.20363541891091758,0.003058364712974963,-0.20182766558799226,12
0.03023534752583972,0.05878642258058767,0.01915261954965689,12
0.03527345459127663,0.003529540502352526,0.2088160798659622,12
-0.1905103841282354,0.041112360683513274,-0.5197779628025291,12
0.11040282244842953,-0.37319967781943986,0.05308781759116433,12
0.19066489378403662,-0.31091796072178024,-0.007869176080507112,12
0.1199341936049204,-0.2561727858582192,-0.00655182727058827,12
-0.13707145580682545,-0.050940745448686875,0.001775636527017109,12
0.20471140110070382,-0.09576293918916856,-0.07662682493946345,12
-0.011996988657964693,-0.2226884747732076,0.19668691730309645,12
0.008934603724068568,-0.08828862121899586,0.02231526232690121,12
0.028335351977059647,-0.09161189141524845,-0.0442624700503895,12
-0.14855726269227448,-0.00890865777529117,-0.03163325583338898,12
-0.14778105029394406,-0.011305215583287554,-0.03253318352858775,12
0.008934603724068563,-0.08828862121899583,0.022315262326901203,12
0.14531933878336362,-0.10942256299302328,-0.07314219271647628,12
0.17024639027031077,-0.30408345370685674,0.0740542966694391,12
0.18383026267970615,-0.010072367194658075,-0.023172227588167043,12
0.026309684526857804,0.07535215513070942,-0.16548769506719538,12
0.15550698424947343,-0.10906138173551347,-0.02503865729776315,12
-0.007283533645666882,0.03554027158172454,-0.08969922609118366,12
0.2248682350409518,0.22293415880894676,-0.10213458372810674,12
0.10751761696366181,-0.19998128957355335,-0.09309895003085156,12
0.1724154163366275,-0.09643053268607367,-0.0481530986101232,12
0.30568090232213446,-0.003120300914075252,0.22497158715064705,12
0.24975510938124773,0.05378867258414655,-0.09361351215451683,12
0.17235615436048865,-0.2436731622969032,0.14424659821391167,12
-0.14778105029394406,-0.011305215583287561,-0.03253318352858773,12
-0.013142734706756013,-0.02977197466866169,0.14258137109674035,12
0.09702243823741541,-0.08175219718747165,0.06368907478902905,12
0.025893458299065433,0.07556191671879059,-0.16549998613070022,12
0.2591528599657851,-0.19182523853956635,-0.017431603787030066,12
0.17203917150663753,-0.08226361817782088,-0.1287873135419285,12
-0.13067387188946844,-0.14945191735959434,-0.1289015697143631,12
0.23650723297758489,0.042284326686880064,-0.010609455344136662,12
0.17036935805043288,-0.3447282764709104,0.010684822651546222,12
0.20481228606818683,-0.09963257570963967,0.024658659419618492,12
-0.1259582792353752,0.05500038626180521,0.2899181179265119,12
0.037233719595967205,0.030093559807105492,-0.007721388636462817,12
-0.1477810502939438,-0.011305215583287571,-0.03253318352858775,12
0.23004559315218978,-0.1860484136844791,-0.26708118940461173,12
0.15080850264613188,-0.04461925639086078,0.019053740891883147,12
-0.14855726269227437,-0.008908657775291144,-0.03163325583338902,12
-0.05536679711185657,-0.08368317625830694,-0.2433627476944356,12
-0.16591194719697333,-0.07826725598063945,-0.29339502549435836,12
0.23442745790077751,-0.07720195533112678,-0.15804455786952243,12
-0.1625089609523543,0.07611834197364059,0.24676894802834357,12
-0.03449389900097003,0.008047865500201432,-0.15888964700691982,12
0.3133262131506466,-0.06658374351860606,0.08898240660411841,12
-0.008488908697111348,-0.3699364473605236,-0.014192745159112327,12
0.14752601265988657,-0.011748331340713894,-0.036553992335527835,12
-0.07990313928808679,-0.1154567728680128,0.07842467100901553,12
0.17021988358192247,-0.30410530244380224,0.07402773146926746,12
-0.19229056346172793,-0.17658485827184653,0.04782421791157516,12
0.17658436831106683,0.24599200844819316,-0.23128079975944163,12
-0.07190676165891943,0.05437724287004963,-0.05141383905360159,12
0.008715838243139177,-0.31107618875923104,-0.18457078493681667,12
-0.0072835336456669045,0.03554027158172454,-0.089699226091184,12
0.031948482148252216,-0.054916670358690134,-0.4357229162214654,12
0.02800167506972003,-0.12486186018655672,-0.4035234166269179,12
0.24915210341584892,-0.0503956140003653,0.22045765601610862,12
0.0905353996364363,0.18560507428495268,0.10192089982020422,12
-0.08487821661605272,-0.07700689106632365,-0.21886755721936013,12
-0.14855726269227434,-0.008908657775291153,-0.03163325583338898,12
0.1678470242164015,-0.23535291078008608,0.05199066575874946,12
0.06532943071354597,-0.057367445578475756,-0.0045916016726346605,12
-0.13067387127519864,-0.14945193639221746,-0.1289015545845943,12
0.161006574862134,-0.1759735308681089,-0.11258693716390115,12
-0.007439196750834081,-0.3135054495429157,0.01947872064231371,12
0.0006245975817389277,-0.11084415179224251,-0.08349696275292569,12
-0.05984442888399469,-0.002515452157749538,-0.08716312450961465,12
0.13068137740404956,0.010458958126687262,0.2234927933150542,12
-0.21907448391522794,-0.13409269386399306,-0.006764728595326751,12
0.20700135905830178,-0.02550846690797424,0.06872806173535637,12
-0.1696381939155514,0.22230641256227635,0.06812582111610466,12
-0.06835503543352887,0.17953020176443232,-0.36114619320044133,12
0.2649424693860173,0.01901558488220481,-0.25093348473874155,12
0.1317030927447738,-0.014072653497776765,0.006260391360779494,12
0.19709984759821242,0.019423566729422408,0.010178749109777934,12
0.0454856625013228,-0.24109686728465224,-0.2609866808656484,12
0.1509810801374491,-0.11569422741266605,-0.17088253896951516,12
0.2934984356686237,-0.06842783811921946,-0.19944277490021822,12
0.14752601265988666,-0.011748331340713888,-0.03655399233552785,12
0.14531933878335895,-0.10942256299304008,-0.07314219271646934,12
-0.1477810502939439,-0.01130521558328756,-0.032533183528587736,12
-0.14778105029394384,-0.011305215583287552,-0.03253318352858773,12
-0.18573582790005713,-0.13805257023744488,-0.21936084087015495,12
0.21832373516847262,-0.0024894576115780157,-0.2792736902203279,12
0.14752601265988666,-0.011748331340713887,-0.03655399233552785,12
0.17241541633662136,-0.09643053268608912,-0.04815309861012355,12
0.12148783227159367,0.010298108944131827,-0.05908508642482549,12
0.23097582185151472,-0.08431147891471841,-0.1427644155329673,12
-0.14855726269227432,-0.008908657775291162,-0.031633255833388975,12
0.029928155818260214,0.07999598678801477,0.01968302099733273,12
0.13392017523888847,0.09375816224607599,-0.024307093368695736,12
0.2173650097603443,-0.33959454633289293,-0.18462231315961303,12
0.05198050168163893,0.0010235109574266502,-0.05037023881551923,12
0.2275432368585066,-0.19542468158137927,0.01868213445196088,12
0.17241541633662763,-0.09643053268607348,-0.04815309861012308,12
0.14531933878336417,-0.10942256299302121,-0.07314219271647719,12
0.22029309036833053,-0.0926273231178419,-0.07816023015950374,12
-0.14778105029394392,-0.011305215583287563,-0.03253318352858775,12
0.20831665223238655,-0.1846194364684817,-0.08313683008634698,12
0.1490581156732179,0.054199231795014256,0.06743690696930178,12
-0.008494753190186714,-0.3699366122749703,-0.014183894588964456,12
0.18865732724739598,-0.07983401290600069,-0.018409037934659797,12
-0.07329083754517596,0.0942593169534044,0.06157979807597452,12
0.025963728482693255,-0.07748860599488036,0.03182431593572291,12
-0.10380866149658713,-0.10819011313806096,-0.09762461009902917,12
-0.1565394914658014,-0.03371574300049619,-0.010869829004413903,12
-0.03449389900076044,0.008047865500024324,-0.15888964700695413,12
-0.10177559476586981,0.1650994083090967,-0.361441216835574,12
-0.29032970982075146,-0.20238809170777589,0.10151850524712379,12
0.23023127366069795,-0.08795534236233832,-0.14279853162418477,12
0.17021996590603117,-0.30410520965596854,0.07402791695960517,12
0.17021962047341657,-0.30410551986349976,0.0740274653866828,12
-0.13067387081092482,-0.14945195133622438,-0.12890154269389079,12
-0.013142734680680127,-0.029771974639625286,0.1425813710980328,12
-0.13067387194698182,-0.14945191555626583,-0.1289015711483235,12
0.38474037027150176,-0.03384711382691228,0.017214828635942005,13
0.38474037027873226,-0.0338471135649317,0.017214828752317324,13
0.3847403702720099,-0.03384711380488351,0.01721482864809284,13
0.38474037027847374,-0.03384711358167773,0.017214828740053305,13
0.3847403702769349,-0.033847113629356176,0.017214828724156448,13
0.3847403702781537,-0.033847113590235976,0.01721482873824306,13
0.3847403702860437,-0.03384711331996233,0.017214828848109782,13
0.3847403702793908,-0.033847113544632455,0.017214828759013787,13
0.3847403702720135,-0.03384711380739196,0.017214828645258317,13
0.38474037027748625,-0.03384711361397747,0.017214828727984917,13
0.38474037027790364,-0.03384711360047147,0.017214828732931498,13
0.38474037028947733,-0.03384711321772264,0.017214828879035037,13
0.3847404853594208,-0.03384707237227812,0.017214881064259262,13
0.38474037027947866,-0.03384711354395555,0.01721482875767636,13
0.3847403702785435,-0.03384711359263179,0.0172148287263874,13
-0.0987388409563585,-0.14004673244065563,-0.196685541373461,13
0.38474037025902147,-0.03384711420863403,0.017214828512432414,13
0.3847403702767719,-0.03384711363912114,0.017214828717302594,13
0.3847404853568286,-0.03384707246455352,0.01721488102434729,13
0.38474037028297225,-0.03384711341936564,0.017214828811718253,13
0.38474037028063657,-0.03384711350112201,0.017214828777280082,13
0.3847403702770864,-0.03384711362529286,0.017214828725036088,13
0.38474048535948513,-0.033847072371113375,0.01721488106401627,13
0.38474037028482694,-0.033847113388805965,0.01721482880135088,13
-0.09873884095635858,-0.1400467324406556,-0.19668554137346106,13
0.3847403702779901,-0.033847113592491394,0.017214828739646765,13
0.384740370270707,-0.03384711387858826,0.01721482859804417,13
0.384740370271008,-0.033847113857831644,0.01721482861370269,13
0.38474037028247404,-0.033847113438796095,0.017214828802191853,13
0.3847403702789275,-0.033847113560716936,0.017214828752332437,13
0.38474037027472424,-0.03384711373700675,0.01721482865834298,13
0.3847403702697103,-0.03384711388868537,0.01721482861056044,13
0.38474037027996016,-0.03384711352564241,0.01721482876638092,13
0.3847403702823186,-0.0338471134449463,0.01721482879912084,13
-0.1794728611370787,0.33019513687749347,-0.08814041095481555,14
-0.17946766246688517,0.33019823912919777,-0.08813790099984144,14
-0.004230068238308765,0.07853907582043808,-0.3274032198657113,14
0.05522139646308359,0.3802691002920865,0.012574081700040358,14
-0.0077337984463043,0.3046162960859144,-0.0018008417226199403,14
-0.0042300686684371555,0.07853907890903435,-0.32740321901394925,14
-0.08942055952088737,-0.27974653765551205,-0.11827928243348337,15
-0.0901468347241965,0.16806399039553824,0.06412004430600307,15
0.0885270780764116,0.034051723163238755,-0.09287353534989286,15
0.09167120415075386,-0.25354151374348705,-0.0071549621035193085,15
0.22153979731324558,0.13366823082078125,0.06839042133667313,15
0.03769469169506722,0.1202029097882449,0.13337794578348466,15
-0.14078713809186244,0.06427814283402616,0.08064362974403222,15
-0.07731257943960246,-0.08134056059014705,-0.17114544825149752,15
-0.08843938529753796,0.014485516850959527,-0.15851927305523417,15
-0.18308910071034742,0.1418141601832261,-0.021293971835241118,15
-0.11976580826496101,-0.3233044425368915,-0.13572621187935324,15
-0.1322881813504073,0.1932800894458625,-0.06209972212377525,15
-0.14921582000602102,-0.13946883661335369,-0.2320874242420451,15
0.04916162280343496,0.001373558741337464,0.04489867848827555,15
-0.1010939892180871,0.027515222625130564,0.0929409925053871,15
-0.09014683491379155,0.16806399030721028,0.06412004433607103,15
-0.09014683470280023,0.16806399040550607,0.06412004430261058,15
0.029833279208669156,0.19875568790721956,0.0547745359796121,15
-0.09014683470170236,0.1680639904060105,0.06412004430245688,15
-0.13852447334558401,0.1411416507496162,-0.01749472878384012,15
-0.3105857282008238,0.13598577188509134,0.003466694265846237,15
0.11582645960574059,-0.043629358531730236,0.15233944913446737,15
-0.13228818196859154,0.19328008901976346,-0.062099722367948786,15
-0.08843938529753796,0.014485516850959538,-0.15851927305523414,15
0.15875667301443597,0.020965079715433498,-0.00029501500726478175,15
-0.0694842754244479,-0.10616199061198446,0.09455764817044708,15
0.18508630736382223,-0.0456399849983406,0.11474450291781256,15
-0.13852446308912672,0.14114165834376358,-0.017494728776174022,15
0.0774287846755347,-0.09252597826389,-0.12664177785779263,15
0.09166756755501156,-0.25354366969129444,-0.0071328679838914754,15
-0.14921582000627595,-0.13946883661328008,-0.23208742424193632,15
0.4428798968118945,0.04988399982330981,-0.07569063820306275,15
0.00942272292885128,0.14967162811476237,-0.0850984139756905,15
0.19341816312041996,0.07445861931215418,0.13690524398830478,15
0.20667313627359413,0.07736479450126531,0.3545948143067583,15
-0.09014683473238655,0.1680639903917214,0.06412004430730618,15
-0.1843187077802077,-0.14674423826746172,0.1458229089466434,15
0.20667949815454212,0.07737987324048534,0.35458727006008894,15
-0.13852446602905935,0.14114165616690555,-0.0174947287786024,15
-0.13852446337950863,0.14114165812891416,-0.01749472877573906,15
-0.224827105412921,0.10539476615502126,-0.0027851209173622134,15
-0.13852451242285826,0.14114162181404477,-0.017494728820250903,15
-0.1492158200056529,-0.13946883661345277,-0.23208742424220635,15
-0.11559688490833749,-0.14164157783783515,-0.2110553094888471,15
-0.05813090883428193,-0.1740788654663586,-0.24270964473526394,15
-0.1407871380918661,0.0642781428340222,0.08064362974403115,15
0.0390245997192037,0.11675534820540817,0.11424601560073933,15
-0.1010939892180878,0.027515222625129683,0.09294099250538686,15
0.07609532953690284,0.007554162213441435,0.109102073294091,15
-0.10931598354313118,0.07814262147086545,0.21472718289606896,15
-0.1830891007031925,0.14181416019109444,-0.02129397183268116,15
-0.1115711317775503,-0.13516874911752735,-0.2225372811732685,15
-0.056098664842787735,0.06490812188600986,0.008785495611274882,15
-0.1830891013517418,0.14181415947736936,-0.02129397206703363,15
-0.18308910367948616,0.14181415691626992,-0.02129397290553819,15
-0.22982847894754901,0.12205961089114252,0.003995942651479868,15
-0.10870779986608722,0.1127362822415248,-0.00911504939523242,15
0.2407845560177963,-0.06492225753668668,0.1641378448448665,15
0.04342582896049419,-0.1374704099943245,-0.12185252455334325,15
-0.09014683475098702,0.16806399038304617,0.06412004431028337,15
-0.003151130952844674,0.006437440222308873,0.19339898969191788,16
0.0012254049830582347,0.07380654411406695,0.2189631535645476,16
0.14524110722280245,-0.15550686552120582,0.1369984489693673,16
0.062159560611323,-0.10943773739429188,0.25596262678970605,16
0.06947818601401361,-0.15970208636715477,0.12908607256027796,16
-0.06927935746084848,-0.03384436280952224,0.11854505586996297,16
-0.05349743226760951,-0.2548490674531135,0.06873291272890106,16
-0.2474299360553726,-0.23007128001312202,0.03822017943758658,16
0.10321001177067432,-0.056036850030282345,0.07521900469814244,16
-0.13522019164810092,-0.09984511087027806,0.11642859116658578,16
0.029204275695196562,-0.01216259297525069,0.10078981168290502,16
0.04545046252596237,-0.2163992855595337,0.12781235206729283,16
-0.0692793574609761,-0.03384436280966151,0.11854505586987066,16
0.04266825385358057,0.06250142260806923,0.27282136147700586,16
-0.029744044074955966,-0.2710360182661251,0.05326185720151415,16
-0.02974404407134129,-0.2710360182660352,0.05326185720309152,16
-0.08530185578884274,0.02987091969364496,0.15632674019310228,16
0.3590758426089695,0.012054044284499512,0.08616402027473175,16
0.020501486863698425,0.15394668704265568,0.17431566036173848,16
0.13195501549008354,-0.2484616825731529,0.19037342600773347,16
-0.04587004759430077,-0.19572960364695022,0.05415670871875029,16
-0.06927935745826261,-0.03384436280669781,0.11854505587183052,16
0.1171384341466023,-0.04010980802014522,0.3374530640466972,16
0.043730104482379434,-0.13795746642239615,0.10534093506976021,16
-0.16538437942699108,-0.26931847872106845,0.05840556251787828,16
0.011930930692208897,-0.18688164356107695,0.2812383818235533,16
-0.07000162538169065,-0.13554409237116635,0.07746979438741027,16
-0.05705922726606614,-0.22543606256245538,0.07759040902441666,16
0.04490154238625356,-0.11407875875014177,0.1718518231403478,16
0.09753767034788459,-0.23749789583054587,0.11776764459099373,16
-0.06927935745850398,-0.03384436280696131,0.11854505587165605,16
-0.05705922726607485,-0.225436062562454,0.07759040902441557,16
-0.15145230749757949,-0.246467467868915,-0.18617425907394022,16
0.013299020803748318,-0.1714911184457466,0.1813869052559249,16
0.13195501457982894,-0.24846168376846847,0.1903734251325825,16
0.040349560713220635,-0.23523043931022927,0.09254696673248924,16
0.07340276878179104,0.0369012404149809,0.047245648157960424,16
0.07340276878179099,0.036901240414982016,0.04724564815796117,16
0.1452411071743019,-0.15550686562001173,0.13699844891801488,16
-0.08068133867975216,-0.08464437713863265,0.030859780903939534,16
0.0769061645914957,-0.16002088856136903,0.11621066646614697,16
0.14524110724614034,-0.15550686547366166,0.1369984489940776,16
0.08097143349116785,-0.09213453697693899,0.23068299474271134,16
0.05606043218515165,-0.07819213746435143,0.09301853984635633,16
0.051515756185058686,-0.09790009122273709,0.12724722658217025,16
-0.26810074568636716,-0.2906673881705265,0.07297122374882868,16
0.030851554259298832,-0.013793042452700691,0.2410985022790055,16
-0.15595654212133347,-0.07340411938697496,0.10795676041675145,16
-0.21899144077726973,-0.18692559329894487,0.10135198300141074,16
0.020380115923806667,-0.1535034439396053,0.11114858255461187,16
-0.20779734213712725,0.03308192039970675,-0.07179563694123967,16
-0.04841657606406486,-0.07615738245079723,0.26766085690480745,16
-0.024829669631129772,-0.6261075630715532,0.3602721020833439,16
0.10321001150622987,-0.05603685101457761,0.07521900433301888,16
-0.029929032853510097,-0.1111915590831904,0.04626049448171652,16
0.037202086411088235,-0.09389005121753201,0.16053501468081097,16
-0.06898697927198053,-0.18115991455982466,0.10591083012602229,16
0.13195720821738022,-0.24845880236715145,0.19037553514634642,16
0.14524110716248137,-0.15550686564409258,0.1369984489054993,16
0.13195635017620486,-0.2484599293959998,0.1903747098662541,16
-0.2599794779684068,0.05284531249824793,0.21138020177070482,16
0.04490154676194916,-0.11407875162430686,0.17185182611858696,16
0.08883563815512999,-0.06482073278900581,0.16587309112577311,16
-0.08068133867975595,-0.08464437713863153,0.030859780903941415,16
-0.023900156088703172,-0.02027520587853217,0.38668635942883156,16
0.14524110729116993,-0.15550686538192685,0.13699844904175498,16
-0.16311000836793027,-0.011354793918057477,0.1342168487373851,16
-0.05533716613244358,0.029542034871705404,0.23053730433801542,16
0.14524110722931358,-0.1555068655079413,0.1369984489762614,16
0.028685490406901645,-0.1677412054452752,0.11460660196949121,16
0.04266826247600383,0.06250143653504787,0.27282135578780375,16
0.04034956071322448,-0.2352304393102437,0.09254696673244976,16
0.025027517722022198,0.13939938170693142,-0.07887966508192336,16
-0.02974404407499215,-0.2710360182661255,0.05326185720150051,16
-0.06927935746045125,-0.0338443628090884,0.11854505587024974,16
0.09753768125390022,-0.2374978854620392,0.11776765453962192,16
-0.09571962394924617,-0.145518672152491,-0.20428863777751996,16
0.1319573507064067,-0.24845861520579096,0.19037567219791016,16
0.046148959588433985,-0.19569163601359152,0.1485581695045181,16
0.008994232523657572,-0.1822257202332216,0.26577303619126236,16
-0.02911351355131039,-0.17561604779548248,0.04327263640268396,16
-0.1159240326861261,-0.13192510279469696,0.10824865037049908,16
-0.14552386353181798,-0.06076916282903281,0.13409929444395075,16
-0.15017433183457143,-0.27347828182982564,-0.17147846461806074,16
0.14524110719080552,-0.15550686558639057,0.13699844893548838,16
-0.05568343605279884,0.016784797513000087,0.06741586883339118,16
0.03294833173495709,0.003703076287706136,-0.09645645796810669,17
-0.0912417618360346,-0.05824880772884766,-0.19410159361069826,17
0.007639123862993596,0.0006175260707100681,0.03555020145631305,17
-0.29680397452039164,0.3035445467711064,0.19070515091781864,17
-0.3374502865493329,0.3042588891387778,0.20826117557546553,17
0.007639123862993598,0.0006175260707100738,0.035550201456313046,17
-0.137358955794556,0.06981682139496447,0.15340350714136022,17
-0.004000761254817637,0.03708832406962342,0.007304610788983985,17
0.11362187179491724,-0.10678501111128882,0.09082103559959911,17
0.12475605792526431,0.2083947924871338,-0.060621260563422576,17
-0.0861024964310872,-0.06470930630635933,-0.17792777889364078,17
0.12713132293055843,0.12711940690912102,0.16538783977085267,17
-0.004000761254817636,0.03708832406962341,0.007304610788983991,17
0.02670770509406103,-0.13211341627992385,0.049565395309665874,17
-0.002855648272346071,-0.08747458729841553,-0.01781475206458715,17
0.09973969970342625,-0.11104752860335237,0.061842154640560226,17
-0.06764074229884487,0.0013857895288442953,0.11455482196076167,17
0.0329483317349571,0.003703076287706139,-0.09645645796810673,17
0.03853247854582374,0.053030407670356605,0.11241559514547242,17
-0.04530562324495941,-0.07487278109921251,0.08484083585718538,17
-0.1373589558106433,0.06981682138187224,0.1534035071358021,17
-0.22643550441025603,-0.028869581825845966,0.15030276250120575,17
0.16026626808646827,-0.06887094230403094,0.09606131421511714,17
0.007639123862993596,0.0006175260707100681,0.03555020145631303,17
0.07449603437890866,-0.14861765672159252,-0.20949293723143916,17
0.007639123862993602,0.0006175260707100898,0.03555020145631304,17
-0.34039721138273843,0.3020298519411611,0.206696539865656,17
-0.2558559057466233,0.12841582742549987,-0.09199787745100943,17
-0.3956072979466198,0.2535173402112759,0.06699278648957716,17
-0.2684709396190118,0.3259847180194514,0.19577834479798145,17
-0.07780969674752473,-0.06251318539364728,-0.17956814982289945,17
0.03294833173495712,0.003703076287706142,-0.09645645796810672,17
0.0625810447285014,0.14335804132720406,0.17458281779116136,17
-0.06381975963703486,0.15352845693573508,-0.11371784925227883,17
-0.09604413355040851,0.1941592060566698,0.11360801271789103,17
-0.21347750988931186,0.2894926711439902,0.08604615825315318,17
0.0625810446909374,0.14335804128889595,0.1745828178428465,17
-0.32658119778980177,0.02154900110142418,-0.2547436971183105,17
-0.22975871252693933,0.29217522656526396,0.09556077438988704,17
-0.21348077540667182,0.2894907469475694,0.08604503541614586,17
-0.08802178627673118,-0.05863118220732015,-0.1912799249598787,17
0.03853247854582377,0.05303040767035663,0.11241559514547245,17
-0.09613452200443819,0.19410827128208355,0.11363319310102758,17
0.13195914500051673,-0.06837362859745821,0.1087303650596915,17
-0.12222113630290048,0.06404889773952431,-0.17716842080710646,17
-0.06381975963498224,0.153528456937598,-0.11371784925041578,17
-0.326581065876881,0.021549086098975274,-0.2547438529726183,17
0.12644593792097497,-0.0754014095072997,0.12246937742982868,17
-0.32658118100283234,0.021549012314410306,-0.25474371689821956,17
0.03294834455014896,0.003703071711971291,-0.09645632160808947,17
-0.21551817737955709,0.04078341600343572,0.19552511476946166,18
-0.08601860719420468,0.05821220023501092,-0.008395136299486242,18
-0.06412458234730105,0.25941504161555856,0.09764755484094788,18
0.07206524170142606,-0.04217095524274265,0.11462070997362647,18
-0.23251779820034818,0.0719355299415055,-0.0689967057871407,18
-0.057046727847120456,-0.1421274175352901,0.1204999351818921,18
-0.04547516845293446,0.08292675177040373,-0.03931148659471662,18
0.07854263952996078,0.06812835507687126,0.028269597329261438,18
-0.18581369127564054,-0.042391059340862805,-0.15526969663518175,18
-0.026387988054621433,0.22074693254448938,0.1287367954144023,18
-0.046118535713289825,0.11656836286754092,-0.05279349468586815,18
-0.2060190478103642,-0.05920852446255882,0.029855052755408416,18
-0.0796250765992157,0.2420002841773866,0.08280907943527963,18
0.19014310755421546,0.09921161375570776,0.29529851947510466,18
-0.16167645945177753,0.1859490753841251,0.020263761583659466,18
-0.09610710358001982,0.10900490213699258,-0.008864273496794006,18
-0.05308989128755665,0.07885627064081432,-0.05964291413347543,18
-0.09610718081953395,0.10900484008426599,-0.00886431255539509,18
-0.0884972875956551,0.1512222678105583,0.04111723725660554,18
-0.046164319186911634,-0.15662270734951983,0.0911610614170769,18
0.1633331798463639,-0.13135690372177575,0.232910024091412,18
-0.1517496084443749,-0.018233831452041906,0.02342256183107804,18
-0.13289854185499508,-0.06315686254557608,-0.11936051899576701,18
-0.08676037074294811,0.04797043527114629,0.06909867585916331,18
-0.20601904785678524,-0.05920852427254143,0.029855052727580673,18
0.17473868883996288,0.26550761670758494,0.16898510362229366,18
-0.055843858449972764,0.15036606715955556,-0.050097096469334586,18
-0.007641422353830482,-0.0377616792199878,0.051223290688659516,18
-0.16167648385631284,0.18594905811673076,0.020263763587681297,18
-0.01845915486312935,-0.11869840236135218,0.14390530549243274,18
-0.04562058386812399,-0.1085852434804042,0.09604913462803177,18
-0.3019724590331396,0.1242815113992515,-0.04966810186371213,18
-0.08849728773617771,0.1512222677439149,0.04111723727952637,18
0.14463987055406635,0.17417936040506218,0.15083043538919585,18
-0.17541057370002047,-0.16276694854849508,0.12663575458095613,18
0.31687189467390386,0.028124659772764914,0.22152642116043827,18
-0.055148947083326356,0.21306247753447746,-0.05978055696215703,18
-0.13414467976629893,0.048974172096140946,0.05301983194407119,18
-0.1711741344485413,0.20913973548758052,-0.044961947387584376,18
-0.04547516845293445,0.08292675177040366,-0.03931148659471662,18
-0.031324219414676016,0.05088149373031534,0.00033285100412087156,18
-0.06599406633895098,0.15869762101448273,0.07829245654996156,18
-0.1616764588152437,0.18594907583451212,0.020263761531248224,18
0.1786439485811886,-0.07539231878614631,-0.09391574600544579,18
-0.040805656571918925,0.1829469335425766,0.24112396219616272,18
-0.09466715862901322,0.24264060745611243,0.06626877000209622,18
-0.14626871975644468,0.21973272391501214,0.34075082824478253,18
-0.03198057351587818,0.05159924617260575,-0.006459987329510331,18
0.043350279945867154,0.11347278583942214,0.24424012978430606,18
0.07854263953003145,0.06812835507673491,0.028269597331781783,18
0.17897729725711292,-0.015476724387673849,0.030903880378370635,18
-0.04375256220746976,0.09440115584447416,0.10094298545859906,18
-0.08849728746527996,0.15122226787237333,0.04111723723540367,18
-0.09610718525418763,0.10900483652132745,-0.008864314798906554,18
-0.080260120061628,0.11410721670684296,-0.18172605821854795,18
-0.01845915486669385,-0.11869840236747137,0.14390530548781286,18
-0.1468675010619657,-0.13635451692594694,0.1904756318358575,18
-0.21052383424538362,0.1247614911833196,-0.04355741965360923,18
-0.17117413453189842,0.20913973543078443,-0.044961947385645976,18
0.16333018951402678,-0.13136428987282794,0.23290855021089704,18
-0.23251779820033588,0.07193552994151535,-0.06899670578716627,18
-0.031324219414676,0.050881493730315364,0.00033285100412087156,18
-0.026757479338532127,0.11737754761982563,0.05121211851211693,18
-0.017776788370915713,0.3136664442924254,-0.03683340570551229,18
0.3169103703623114,0.028455290833441997,0.2214058127139107,18
-0.03198057351587818,0.05159924617260565,-0.006459987329510321,18
0.005113129185084267,-0.25798992641287416,0.031360778699294156,18
-0.037534994175930245,-0.14677238777680313,0.17111546336048097,18
0.17864394858118912,-0.07539231878614543,-0.09391574600544594,18
0.10284857051700638,0.07370704496246365,0.10835602352988483,18
-0.21551952277053502,0.040782305700498324,0.19552391791494192,18
0.20527549404860657,0.00026233407390904384,0.17833089592832152,18
-0.3374687823087064,-0.14448096152484036,0.2655275010492424,19
-0.3347794516247792,-0.031225797419769247,0.25602374418223633,19
-0.2369865454394988,0.027086626032926664,0.35744948689079853,19
-0.293526547741219,-0.08257527336300288,-0.060335884768740765,19
0.14284501556092893,-0.05909449679844227,0.33715082514094796,19
0.061671304041989526,0.19427847062207326,0.5543843965512532,19
-0.23387105370434796,0.029686131148818556,0.3592438764597564,19
-0.33475269018291154,-0.031176664513401838,0.25606372497160884,19
-0.2899427698113668,-0.23101144743990515,0.16926017984665057,19
0.3301140572691422,0.048967992853940545,0.3227643125960513,19
-0.015464972415828008,-0.03190885339420124,0.25405853712871873,19
-0.015464797889535108,-0.031908712724580665,0.25405855753419354,19
-0.3344045716074148,-0.03066082482706873,0.2565694513006134,19
-0.48792052759686544,0.16498691268216692,0.3886624024496942,19
-0.24367332591833105,-0.14211785427358595,0.2912106244416997,19
0.06613590942768158,0.19884395872766844,0.552194517200651,19
0.011636979676934188,0.21756973857895956,0.27864079143323517,19
0.06155363532598271,-0.15284516494352582,0.10617834320923304,19
-0.23329633688671086,0.03015885422910709,0.35956946671068346,19
-0.23189546924111215,0.042154617445279895,0.3697333416893957,19
0.12555466944307733,0.2902631124219336,-0.08968032267319556,19
-0.13141983306551303,0.291612061999961,0.3148566430376921,19
-0.23679981711967926,0.02724816466916652,0.3575581204378596,19
0.06395251481124337,0.19689203235364786,0.5531738428479746,19
-0.026716654031064397,-0.16215064785893862,-0.17061611700100546,19
0.012165805103667205,0.020194176441389215,0.19157318788622227,20
-0.14911791332241628,-0.025242353236003927,0.09357659441140224,20
-0.22865665168457905,-0.023106371541365453,0.0034635882467384843,20
-0.2296263535967603,0.1341308950684298,0.029611155664754887,20
-0.007292825640415298,-0.059320581662193374,0.1374769500744679,20
0.27037456967651236,-0.1514774620834342,0.045862469276922425,20
0.05839361005739558,-0.07172290630029968,-0.10014669659075706,20
0.14935914274438972,-0.14879536771228244,-0.24518374995740932,20
0.1858080873727796,-0.09731125394983282,-0.144374099806502,20
0.07925623203863345,-0.2790559199288939,0.008232550644149359,20
-0.062355021365778716,-0.01514504956201824,-0.05317738028512058,20
-0.08448300829417936,-0.009878727238134679,-0.020258178716051543,20
0.2747329328571115,-0.12095542081830926,0.04814125466622454,20
0.22875309763500223,-0.1890673555803132,0.002277341059020319,20
-0.0912519244235565,-0.06660404690488479,-0.17462437778335474,20
0.08959141858571708,0.13511773104347488,0.15340643254645114,20
-0.09706919712592058,-0.03700401667697922,-0.13564358231186224,20
0.18486015890198415,-0.024399005595014584,-0.22859197109251853,20
0.21145464876041375,-0.16980875326010195,0.0144296217740759,20
-0.06235502334615618,-0.015145051555251155,-0.05317737815361538,20
-0.007601088706706822,-0.14079848077998033,-0.22239611584110314,20
0.24028201836897745,-0.06523042348704369,0.1209803971822543,20
0.16569717210575036,0.11293917166282924,0.10695152075070781,20
-0.3043845839853867,-0.08197880723050481,-0.14345992606667615,20
-0.25740075871989704,0.21557124259945157,-0.2883038686740818,20
-0.08967365061846586,-0.043122051872449677,-0.01653468358348337,20
-0.33763399174684267,-0.057356000868772156,0.20268114673019677,20
-0.23095812806535723,-0.016623958059149627,0.0031679941819328086,20
0.1709394998587748,-0.14782875260431014,0.016471109287324044,20
-0.09125192442355645,-0.0666040469048848,-0.17462437778335477,20
-0.22962634994591885,0.13413090009199977,0.029611157477509423,20
-0.22962634946362165,0.1341309007556422,0.029611157716984075,20
-0.2286566124573018,-0.023106325320055306,0.003463565852137382,20
0.27473294000390425,-0.12095523748553831,0.048141609053880825,20
-0.06546721233270573,-0.1419241636363911,-0.08216310103710642,20
0.005616434100246829,-0.03693964446090139,-0.2082844900687831,20
0.04083805620264645,0.1162312507341134,0.03604352689841782,20
-0.023299517229299457,-0.029110250898982948,0.03450018478799898,20
0.14396678777582206,-0.04092143549637757,0.13258068097616743,20
-0.24816084832452562,-0.003952614604284663,-0.24218927615310634,20
0.14687188860979136,-0.030845124647988973,-0.13369786683818233,20
0.11605503508655461,0.09631646725345662,-0.4458206690746269,20
0.20927423362552808,-0.1569156725440462,-0.03182591541317548,20
0.06068178384558941,0.06401596432304835,-0.08434827727782004,20
-0.12336422170245337,0.04039789488946774,0.09421132836671703,20
-0.08312029557028681,0.01708458731550502,-0.17787455108370237,20
0.2353649194826619,-0.04585607495325743,-0.07115648731548779,20
0.16192042926855948,-0.14327330048636816,0.019768248776737128,20
-0.06889366308803029,-0.06554093623080565,-0.17607886684146817,20
0.19983890544822175,-0.3835493439586662,0.22136597745576744,20
0.15126228260906585,0.13452956690835977,0.06702952029549919,20
-0.2481638496167191,-0.003953627779220774,-0.24218636977029637,20
0.3071172996700453,-0.17341378912383154,-0.19736195620040622,20
0.276667540764762,-0.17076400552722593,0.17593856707171676,20
-0.06235501020208628,-0.015145038325853812,-0.053177392300744836,20
0.2359976066651055,-0.07315907385741126,-0.06500721007991835,20
0.30925194549060697,-0.05926599036282659,0.13992637773668193,20
0.2868777582986683,0.04233117710012908,0.12888074674401523,20
0.1858081228633655,-0.0973110847831548,-0.1443741262883516,20
-0.24532911008757527,0.1179109553065591,-0.02026511500767798,20
-0.11024629384866821,-0.20483128180347113,0.12242222787679372,20
-0.22865661245896718,-0.023106325299304734,0.0034635658332610115,20
-0.05798881550508732,-0.16510753179106147,-0.22750845218060917,20
0.2406368933029732,-0.12043671343121475,0.19980544845747356,20
0.2200510511422393,0.010460444901271496,-0.039301454444225725,20
-0.013933694343906601,-0.1817598847747083,0.01822505461410924,20
0.18447104788815638,-0.1942837221315856,-0.1813260412037397,20
0.012165805103663913,0.02019417644138565,0.19157318788622343,20
0.2154757409132375,-0.04427934743604887,0.11880881483856975,20
0.14411797790491415,-0.12569618362542084,0.08012240651486219,20
0.16170742301067004,-0.12697955730869326,0.07277940083918656,20
-0.22865665166989274,-0.023106371718686933,0.0034635884139129058,20
0.05093451006137312,-0.1366667345764385,0.18670502199267397,20
-0.3718882520454902,0.0842905476512583,-0.13178925631204824,20
0.18447104443708118,-0.19428374544193502,-0.18132602254950825,20
0.2417297211390843,-0.011367541661362019,-0.05771874458324623,20
-0.22962634944124768,0.13413090078642828,0.02961115772809431,20
0.012165805103664398,0.020194176441386213,0.19157318788622318,20
0.19068299804814767,-0.13243012260088782,-0.015268388250888004,20
0.24502183478094736,-0.14751837883815397,0.08960150718655663,20
0.23734607382978987,-0.0913007200718274,-0.047476165290606484,20
0.2001836524956689,-0.09824811487079199,0.00399545137834975,20
0.18580811599929137,-0.09731111749620447,-0.14437412116880188,20
0.09988207724083,-0.09603986774374532,0.05409393945586229,20
-0.035181688334581865,-0.2855105891480944,0.13322479150987523,20
0.05124528588344365,-0.18790906492871712,0.07100931443767512,20
0.18580808218049835,-0.0973112787042603,-0.1443740959297451,20
0.05093451018242941,-0.1366667343700382,0.18670502209372902,20
0.010340849535649023,-0.18353684674184859,-0.2671385547230651,20
0.2037803353384697,-0.20365425400033765,-0.017838561765203338,20
0.1586044626268342,-0.11984200607236027,-0.019583085499213986,20
0.21188850511081245,-0.11394843541808881,-0.030828530383236682,20
-0.3907940992491172,0.24852773732434547,-0.26722772463191247,20
-0.5606878180068894,0.16157751760460376,-0.24732904402514636,20
-0.15310428086433697,0.008386034631241374,-0.10203985563601622,20
0.17692115517787016,0.1579389025363255,-0.008045412612603275,20
-0.10701163447697315,0.0005663796014715379,-0.07374942783528934,20
0.18447105236172515,-0.19428369192264652,-0.18132606537737278,20
0.23599760669488243,-0.07315907371635005,-0.06500721005794069,20
-0.06510396392625753,0.020740462931805967,0.014397079445006006,20
-0.007292825640413197,-0.059320581662191195,0.13747695007446856,20
0.11609220016370904,0.09634534308159352,-0.44580429661162924,20
0.0646543046419507,0.05986935464556332,0.015772476086925495,20
0.278697986087835,-0.19321685385960066,-0.01638249040270151,20
-0.14280429425909166,0.1473936131075314,-0.05960764294336078,20
-0.2286566516676899,-0.023106371747033394,0.00346358843877364,20
-0.08176580707543527,-0.011589369812661152,-0.019198242805313053,20
0.012165805103666662,0.020194176441388677,0.1915731878862225,20
-0.37187630617549855,0.08430419199376561,-0.13181338808802823,20
0.046674721244423074,-0.20685117600489314,-0.2033982035878146,20
0.25247851513586317,-0.061051033979008566,-0.03409058005734084,20
-0.2286566516667127,-0.023106371759523646,0.0034635884498133763,20
0.2292401521776855,-0.12699798486242622,0.11890390218371433,20
0.310075425229076,-0.1623707104002657,-0.06056949134360889,20
-0.03749548552183635,-0.048739963327999444,-0.09580727731387341,20
0.2924145935983204,-0.16386671133759614,-0.11180229071919244,20
0.12650160756070108,-0.13191308083372252,0.15722075822306805,20
0.16730158243909793,-0.12462027901394168,0.21931375844248674,20
-0.005703887869695089,-0.1937965206995754,-0.2321096666302646,20
0.1512622826048616,0.13452956691690712,0.06702952028449777,20
-0.1072578595340073,-0.0081594331436143,-0.10201009436672198,20
0.23599760662064134,-0.07315907406805426,-0.06500721011273064,20
0.2184970595188586,-0.22239997131769285,0.050437458648758676,20
-0.08974443379589633,-0.06348433317057352,-0.15939586008556925,20
0.04269894616325448,0.06701864595349723,-0.14021615775748383,20
0.3141572544731783,-0.2127648693018828,-0.035495745875047294,20
-0.17136962121831908,-0.11124719173116475,0.1508775554486852,20
-0.06889366308803033,-0.06554093623080579,-0.17607886684146803,20
-0.12984659083256858,-0.22709476114940932,-0.3056276915874238,20
0.012165805103665342,0.02019417644138721,0.19157318788622288,20
0.3035795326604331,0.12750354489897964,0.145611581498315,20
0.30526755613935397,-0.09017279155708509,0.056076498056185815,20
0.24920561571643765,0.2861221039647581,0.0808795343785508,20
0.10322920505328065,-0.1289628665077108,-0.16740277436095763,20
0.23885768740023128,-0.18117500369998096,0.027039419955066448,20
0.14355925576311326,0.14086718754228889,0.04805718089084486,20
0.15126228261004995,0.13452956690642734,0.06702952029788325,20
-0.08345140709509441,-0.030942122747390166,-0.12581298713183817,20
0.11603517305343057,0.09630823621683193,-0.44582777725328193,20
0.23947205454801027,-0.1255044938416666,-0.09238494192556251,20
-0.24816317283891778,-0.003953399270586865,-0.24218702515044957,20
0.29998509202713397,0.01848354626721727,-0.1253217058042948,20
0.06465430464195072,0.05986935464556335,0.015772476086925495,20
0.03681932661370633,-0.031109579362322268,-0.1222894281563132,20
0.27665561128570604,-0.1080858019488599,-0.011551344582655597,20
0.054704664178794125,-0.13841295653199168,0.07061229815272671,20
0.06573193952388551,0.04289743326261271,0.0824430743038127,20
0.12895665389649463,-0.19820060739580456,-0.2799610864864588,20
0.06492115210270144,-0.12873449456741667,0.10561607015214171,20
0.16279195308947245,-0.07025310561009518,-0.016668834785143253,20
0.17467374645409411,-0.11059452672458003,-0.11760619160403467,20
0.24829591545635166,-0.038630368414551926,0.21448142051405575,20
-0.10946072884376912,0.022139147373832515,0.1360725427946507,20
-0.2481650905257678,-0.003954046811123297,-0.24218516808768223,20
0.22005105113627768,0.01046044485371977,-0.03930145449354756,20
0.300141780057572,0.01972345785986739,-0.12452399957286103,20
0.21075475488148843,-0.28321052312297457,0.008178835978024379,20
0.5301434285197917,-0.25110380929464643,-0.08179965882033798,20
-0.11988067217312993,-0.007211516445107744,-0.10479509444508363,20
-0.06889366308803034,-0.06554093623080574,-0.17607886684146803,20
-0.22962634869824522,0.1341309018087999,0.029611158097029692,20
0.15126228260855346,0.1345295669094005,0.06702952029416137,20
0.19325707349087198,0.08464514938664021,-0.06662836798253698,20
0.27040298696995657,-0.2515306906739082,-0.03526118003561418,20
0.24063683597020769,-0.1204370384867765,0.1998053491311729,20
0.01473950183785539,-0.020473092071224542,-0.03706236720480479,20
0.047739340256119894,-0.5377293172821941,0.24565072175568345,20
0.1837317157731465,-0.11599505378407135,-0.04892036620834804,20
0.12943724598782838,0.06548743947810018,0.22773044476700813,21
0.006206187125815383,0.3364881942338389,0.05153788164316792,21
-0.021293911016847425,0.07151882724554419,-0.0005033579110123637,21
0.14505048804303092,0.12546852750213008,0.040954783760275885,21
0.10023441009608518,0.1743906664998696,0.007574005445681591,21
0.14505048804303794,0.12546852750211826,0.0409547837603046,21
0.08657112106178845,-0.006915313569417164,-0.05044377262104849,21
0.006179653285481833,0.33649057188790943,0.051533414564940386,21
0.19641635210059383,-0.2740011607478337,-0.027271702092942458,21
0.1450504880430354,0.12546852750212217,0.04095478376029514,21
0.1788451872466371,-0.20900527497826854,-0.07630555651993035,21
0.2920367114448944,0.17261702414295832,-0.016721318124228557,21
0.1875614087447887,0.027639216111888774,0.03661149555870708,21
0.14505048804304346,0.12546852750210866,0.040954783760328246,21
0.14505048804304244,0.12546852750211024,0.04095478376032416,21
0.2309668785164879,-0.15739800899334522,-0.14955318909905552,21
0.1875614088004622,0.02763921602114154,0.03661149498093813,21
0.0937017340164843,0.0717241225973159,0.10669808883665607,21
0.14505048804303977,0.12546852750211476,0.040954783760313355,21
-0.21049960448902452,0.2846229132861156,0.08553114539687438,21
-0.21049826572438263,0.2846237094496146,0.085531576660955,21
-0.21049996345484168,0.2846226999658804,0.08553102923191364,21
0.19372530918961547,0.19603931051871082,0.04346259158181404,21
-0.1951621525372575,0.08344909219832375,0.13682829539753455,21
-0.21050056815693302,0.284622340662655,0.08553083337525413,21
0.1450504880430387,0.12546852750211662,0.04095478376030893,21
0.0030277732129501598,-0.09272033628918736,0.266565399794263,21
0.006204584324591954,0.3364884105497033,0.05153701138902633,21
0.1450504880430497,0.12546852750209805,0.04095478376035442,21
0.08657112106179367,-0.006915313569387206,-0.05044377262104213,21
0.08657112106179508,-0.006915313569378979,-0.05044377262104047,21
-0.0288423111222047,0.3018308777151272,-0.22658592425776336,22
-0.11812448256724357,0.229622343201234,-0.1921877390962238,22
-0.09527966566160301,0.5870897904849726,-0.1750171616967092,22
0.02014955267410737,0.2124388940861497,-0.2249371660551078,22
-0.04139141036384354,0.22625089090361863,-0.011103679461529882,22
-0.09647427524113172,0.11357348184859034,0.16214694917520844,22
-0.011301934181351286,0.31782676807170407,-0.1492410364984254,22
0.16559528494041506,0.3672723777326661,-0.10400431152165618,22
-0.0854352080510666,0.2410895333566919,-0.1635751500760562,22
-0.10255923394817015,0.2626144519242334,-0.13786353890575684,22
0.12695069253365074,0.2619853915514695,-0.24858263151403537,22
-0.13210586427017962,0.12629343391901146,0.14275779841942013,22
-0.09236376151058251,0.23159391924177394,-0.14529998818189632,22
-0.18998611721983671,-0.016209708041307124,-0.19957817261646668,22
-0.1303005363745745,0.12742214120925285,0.14299582833647898,22
0.0019721020507284955,0.3747219950836143,-0.0655125530937128,22
-0.12769618922521425,0.24183473270258682,-0.2955270645147948,22
-0.11278765528835497,0.48880899848853626,-0.07661659914262105,22
-0.18258482854960897,0.22742601335478596,-0.15698652015643536,22
0.03286331730963819,0.39404708038152353,-0.24461254456075504,22
-0.11812430287656818,0.22962257129836394,-0.1921875639572608,22
0.16105132554217552,0.13673421118228213,-0.2245318889477446,22
-0.01171836031264236,0.2542272275052897,-0.15290481901224626,22
0.25410450877002816,0.6092101308114395,-0.24213596522751374,22
-0.16286258015019506,0.22584335062632177,0.19285622780846232,23
-0.3141674452203508,0.07721847588334557,-0.04497313642800626,23
-0.15437774813221455,-0.09544572819557283,0.06397686862344214,23
-0.0006060816830283256,0.12471082150913958,0.008683422885688552,23
-0.23669610685970277,0.28357803927347114,-0.04058717743133051,23
-0.297703336940387,0.12366499544522358,-0.01822463441713928,23
-0.26652845459779506,0.2580222108523743,-0.11171370490803033,23
-0.03784074762400976,0.2318784802657825,0.2538836643537581,23
-0.08985912519709793,0.3666568130313945,0.11413969149231953,23
0.01899972013993496,0.23253699203877906,0.09089120359722876,23
-0.03108903726151845,0.4070869521572472,0.14127271854032705,23
-0.24489730058202394,0.10027539954874125,0.09514814077930671,24
0.0857374952968929,0.22736063334690504,-0.05049779240468294,24
0.04328469418180208,0.04575369947863381,-0.006896922328494679,24
-0.23877873859446436,0.14694999432334957,-0.04989390240354223,24
0.08659638897290482,0.032612454786044125,-0.22782561359082718,24
-0.16932552854137584,0.2743269065657414,-0.037727272005135426,24
-0.16099994607024123,0.10172146396173308,-0.09998378386797158,24
0.05220651118329521,0.04369332829962721,-0.34843063504839,24
-0.14414557534122044,0.11564266436620149,-0.04678155079638797,24
-0.1582393595250367,-0.1153938518857016,0.1619364306077334,24
0.18056992700867913,-0.18664549048268214,-0.042704948711022414,24
-0.012798991795326637,0.015802291337981885,-0.12320014933500578,24
-0.18020590670057623,-0.005979214294995041,-0.16772664851472302,24
-0.18020590670057623,-0.005979214294995043,-0.16772664851472302,24
-0.12928955833692493,0.376191277950832,-0.033271634663065285,24
0.09248059145263157,-0.06565707531126912,0.07810802525558637,24
-0.16099994607028933,0.10172146396170416,-0.09998378386793756,24
0.10958674650507381,-0.036206882309385416,-0.2086853404124599,24
-0.1582393595147618,-0.11539385186241762,0.16193643063127736,24
0.18056992691023435,-0.18664549059795532,-0.04270494865523556,24
-0.23912262625569958,0.1704277644378571,-0.10424378059789352,24
-0.27762423121604946,0.10116933592841049,0.1383098713671265,24
-0.24489113105244326,0.10028479235736328,0.0951522544750727,24
0.13053157286321532,0.13880066599234428,-0.12108901437579961,24
-0.13367419809464312,0.009893005465909686,-0.12360484961300416,24
-0.16099994607034693,0.10172146396166942,-0.09998378386789693,24
0.05640915188271147,0.12592364307082096,-0.12387891702500949,24
0.019893378624024693,0.06609323801100206,0.24163057740585572,24
-0.21931849435590006,0.3229195567752693,-0.014250271403235948,24
0.12330238145435163,-0.07461169152911862,-0.16801853446024564,24
-0.045395532198660674,0.2111088546331977,0.1509720209530537,24
-0.10447637865727909,0.23562278138376178,-0.006629291124788669,24
-0.1693252496257459,0.27432705313345324,-0.037727253179072155,24
-0.23912262624162725,0.17042776445048147,-0.10424378060509469,24
0.013310197508490287,0.1367365022433476,-0.04170301689108353,24
-0.16099994607036777,0.10172146396165682,-0.09998378386788212,24
0.08148824480266835,-0.06225872053652215,-0.18516581286442033,24
-0.04539593490805639,0.21110870332617818,0.15097218551636152,24
-0.1308572089088496,0.18807708139673335,-0.08513737416830576,24
0.07791274345963363,0.056746479389176666,0.15610344656358574,24
-0.015202346644361483,0.09810591518901243,-0.26340694164268774,24
-0.07642137116079935,-0.09157763686628276,-0.2671058023947903,24
-0.16099994607015958,0.10172146396178232,-0.09998378386802952,24
-0.19512120304342376,0.21557389556126258,-0.07044330659236693,24
-0.13821303743814234,0.18920712197081305,-0.11098335136132098,24
-0.13085720890886,0.1880770813967254,-0.08513737416830996,24
0.2350111800386989,0.0012574334746484595,-0.12865076329573863,24
0.027647554715344937,0.26119702394441724,0.18574091887221314,24
-0.1336741980946431,0.009893005465909703,-0.12360484961300412,24
-0.16932534861521908,0.2743270010949115,-0.03772726000016896,24
-0.02467896169912421,0.12616674605332032,0.03684462872579611,24
-0.21736332120344445,0.19659384316798528,-0.08794888414482226,24
-0.24489250093672515,0.10028270678232325,0.09515134117941682,24
-0.17640560474822672,0.1118799841847391,0.04480709707597006,24
0.01765142088871704,0.03960260221310098,-0.048006079089918476,24
-0.015202346645872873,0.09810591520343058,-0.2634069416360344,24
-0.23163003583448766,0.19857958061802336,-0.17705802272074414,24
0.2314264296192679,0.013779303058443422,-0.13725835001650147,24
-0.040289462798025755,0.15838124975687903,0.008071347468227392,24
0.0756193943066651,-0.06578817005651025,0.06804240545951167,24
0.07148916620668692,-0.018081693755711382,-0.1700770046634861,24
-0.23912262627589043,0.17042776441939692,-0.1042437805881102,24
-0.1177306228200999,0.07326687817624188,-0.11968068123627583,24
-0.24489215793770294,0.10028322898086171,0.09515156986056646,24
-0.12946198059856787,0.37613273700625344,-0.033374054461138704,24
-0.1693255632470195,0.27432688831211083,-0.037727274457310354,24
0.07693552054700628,-0.0674827823842895,0.05081374502140753,24
-0.1802059067005763,-0.005979214294995043,-0.16772664851472288,24
-0.2311898895393883,-0.07998145583343817,0.17875649955945658,24
-0.18020590670057632,-0.005979214294995038,-0.1677266485147229,24
-0.1133674210615512,-0.18349064212385371,-0.3085139213480323,24
-0.2316304609666344,0.1985793948137826,-0.17705773713995712,24
-0.12786660635870378,0.060497733364650065,0.17620601700649036,24
0.015189151164843071,-0.18512764464007672,0.07519415488259501,24
-0.04539503108815923,0.21110904532367,0.15097181242003224,24
-0.1893438075578873,0.026105082739367874,-0.13369611134524534,24
-0.23912262622825417,0.1704277644625181,-0.10424378061187611,24
-0.04539635107886412,0.21110854822729816,0.15097235360717365,24
-0.2448815416888425,0.100299391628937,0.09515864578753809,24
-0.22491263599349468,0.12454673695073107,-0.12424179806408825,24
-0.017090281233457086,-0.019480362603162597,0.11700581332678062,24
-0.1609999460703622,0.10172146396166028,-0.09998378386788608,24
0.15077812571511917,0.27978988773242197,0.32692587554139607,24
-0.08848602903273263,-0.04243219535307167,0.1164046957450759,24
-0.23163050577802582,0.19857937195802897,-0.1770577105813777,24
-0.1290996880186968,0.13813916027683995,0.024742054065724908,24
-0.16099994607045212,0.10172146396160604,-0.09998378386782232,24
-0.0961285052790796,-0.004951125829706553,-0.10323133958854526,24
-0.5785384509535908,0.15525177133612303,-0.03126649354436176,24
-0.13821303744018773,0.18920712196935408,-0.11098335136178955,24
-0.2173633211973219,0.196593843173256,-0.08794888414623846,24
-0.269208124341504,0.1099041521726687,0.14411630823195853,24
-0.1336741980946431,0.009893005465909703,-0.1236048496130042,24
0.23142643129873572,0.013779316687188693,-0.13725834331192696,24
-0.013749023056486885,0.17596866867432664,0.008879322820772157,24
-0.231630220722066,0.19857950055721563,-0.1770578977170484,24
-0.21181427121761212,0.1865330347320787,-0.045669163792371334,24
-0.21181427057697622,0.18653303548298422,-0.045669163313256635,24
-0.1802059067005763,-0.005979214294995021,-0.16772664851472305,24
-0.23163067365739737,0.19857929321040427,-0.17705760363224618,24
-0.12145530815042163,0.2526970342740558,-0.23239925229071717,25
-0.12145522227536573,0.2526971337997855,-0.23239918248829328,25
-0.12145523957009474,0.2526971134112394,-0.23239919691652353,25
-0.12145519082828356,0.25269717131704583,-0.23239915577543488,25
-0.121455227384232,0.2526971281958088,-0.23239918630027298,25
-0.2534249424116052,-0.376478665709027,0.1522713639482467,26
0.09371813777530624,0.24264156121706557,-0.08889995286882012,26
0.05926182796673423,0.1531447310558578,-0.22701438897202758,26
0.10232513206368483,0.16513092110803285,-0.1050114547483882,26
0.11056724361232799,0.029694267165562484,-0.26842151072162584,26
0.10048939583353253,0.1854892114915787,-0.22036737069466142,26
0.16393817455086027,0.051679960248132005,-0.22077804379234592,26
0.2325768951959484,0.10868461097881076,-0.057587109976900135,26
0.1372574329890183,0.13920556129333073,-0.0440319433912869,26
0.14996079344881444,0.05932378667090593,-0.19810752150010635,26
-0.05064286388166373,0.38594947923687883,-0.042960701712957544,26
0.16712153906952673,0.04916391433673552,-0.2077358461758499,26
0.14328507323618186,0.19341304672130374,-0.1409146291755365,26
0.16890833840883884,0.15531336421896422,-0.32582466890539,26
0.0265286313112564,0.20270209005857442,-0.2842027377889167,26
0.12074801708920326,0.1426363216826634,-0.23084621570393457,26
-0.3330398019473857,-0.08581868587633461,-0.03991163851301243,26
0.10342271621895818,-0.20315564237180864,-0.2908577426298846,26
0.09422791063942587,0.18533121450015985,-0.15908294000810974,26
0.12302470181524819,-0.06594785019174203,-0.34931955398827835,26
0.12335337347506081,0.17065231681747434,-0.1571306398005225,26
0.05913100462469987,0.1527073253930829,-0.22737289904961533,26
0.12335337359114718,0.1706523175101463,-0.15713063897945329,26
0.0791585232459562,0.3355310812953267,-0.1103172540074677,26
0.039901626928082565,0.01168964481984692,-0.2875097916969159,26
0.026530408566557518,0.20270395995976137,-0.2842010992833302,26
0.12335337364634995,0.1706523178395639,-0.15713063858897716,26
-0.09011415126312435,0.12077114694129634,-0.28745034113751317,26
-0.0901141629217932,0.12077113513239832,-0.2874503440444195,26
0.049928231883678294,0.10074790653457394,-0.22810569889574425,26
0.09423271995359148,0.18534948134059276,-0.15906009287096193,26
0.04147263913785265,0.08247545163995929,-0.33147900418432774,26
0.1690590994892948,0.07872091432792591,-0.2776668811994511,26
0.12335337362121224,0.170652317689573,-0.15713063876677136,26
0.19541516038374204,-0.040477675200380085,-0.19088547811585085,26
0.07279041169477757,0.08075777183088673,-0.23942041707477155,26
-0.10041863818340996,0.15981478072887306,-0.26732100382006857,26
0.057353132368763805,0.2041080645618567,-0.5233817624193331,26
0.14017966150488367,0.18142205856380003,-0.1921295395187275,26
0.04447792785284427,0.13386392134974773,-0.28128247499398185,26
0.1499607934487837,0.059323786670852495,-0.1981075215001518,26
-0.2539128885066235,-0.37623937995998064,0.15205632854587942,26
0.12335337352125346,0.17065231709307832,-0.15713063947382835,26
0.15992297555267523,0.13413726069532445,-0.34220998133503766,26
-0.06520494819065713,0.3800717002736513,-0.039911275354747096,26
0.09118382795139017,0.108825344479605,-0.13560850218386405,26
0.012878507360679563,0.03856963293497733,-0.054307875348495675,26
0.14996079344886337,0.059323786670991044,-0.19810752150003363,26
0.059262395497897656,0.15314669529901,-0.22701278243960388,26
0.06075366958080804,0.13390067979651424,-0.49003715844771506,26
-0.25344770555819945,-0.3764743870025493,0.15224473451070816,26
0.1527613186199632,-0.027180305787020353,-0.2088582086831499,26
0.11766365425302057,0.07588297225701836,-0.29726803882977676,26
0.15602573127860264,0.04348907832939747,-0.21496193423234047,26
0.09421685969689214,0.18528949971549066,-0.15913513042396343,26
-0.007119034353789135,0.05889616088258271,0.07098554558109695,26
0.04181811669734969,0.1695425704455016,-0.018172861053118928,26
-0.28434221789325403,0.2133741350496964,-0.059460226480105405,26
0.11911255358544326,0.13156705556536585,-0.050515412502947554,26
0.11533279582692033,0.18438048202454357,-0.25895241198322505,26
0.12335337367057549,0.17065231798412814,-0.15713063841761735,26
-0.3330403806767728,-0.08581498948486992,-0.039914490169518556,26
-0.09003416482984103,0.3955806456146803,-0.011128700453888604,26
0.07220841193681751,0.21172831540360323,-0.3324131955027487,27
0.274236724195092,-0.11694756592801417,-0.3590446135923591,27
0.30791973179279847,0.22356237789123504,-0.23820106803888919,27
0.2846112698942869,0.14439353578204206,-0.20914486745778213,27
0.2846115049592408,0.14439443865188023,-0.2091438328633318,27
0.07221546611750158,0.21173272409150617,-0.33240872196004156,27
0.07220792250636317,0.21172688014761432,-0.3324142323150019,27
0.0722162352906968,0.21173345859536344,-0.3324080709043277,27
0.30789654733495136,0.22327351439593496,-0.23852480900315784,27
0.30768034979353587,0.2200323157813317,-0.24204146636360643,27
0.016997386360872203,-0.002062545742319257,-0.3785577657701831,27
0.05740640440339861,0.1282473610271915,-0.3224832705217965,27
0.28461139276139763,0.14439400779116657,-0.20914432661596433,27
0.30798412560784494,0.22443684645331236,-0.23722344247828744,27
0.28461179688876415,0.144395559535307,-0.20914254829242168,27
0.28461131901810455,0.14439372451076776,-0.20914465121204848,27
0.3076119908164919,0.22022788826773584,-0.24193835532553726,27
0.30956103693214354,0.23715580245482254,-0.22112832621395878,27
0.28461127814548787,0.1443935674732202,-0.20914483114273652,27
0.28461116495250743,0.14439313239198376,-0.2091453295847531,27
0.27408613831501094,-0.11744620194589586,-0.35900785055501316,27
