,x,y,z,role_id
0,22.076544,28.156052,-11.1922865,0
1,22.076544,28.156052,-11.1922865,0
2,25.028788,20.451624,-19.359066,0
3,22.076544,28.156052,-11.1922865,0
4,35.825695,14.912255,-9.379913,0
5,32.39693,20.467415,-0.6908729,0
6,35.825695,14.912255,-9.379913,0
7,22.076544,28.156052,-11.1922865,0
8,20.732227,23.566645,-0.51273066,0
9,20.732227,23.566645,-0.51273066,0
10,27.967743,30.033686,-0.7867167,0
11,32.39693,20.467415,-0.6908729,0
12,32.395065,11.930645,2.490685,0
13,26.55586,22.194366,7.3186674,0
14,32.39693,20.467415,-0.6908729,0
15,20.732227,23.566645,-0.51273066,0
16,26.874023,22.94039,-3.5426507,0
17,28.732746,20.678314,-10.09444,0
18,20.49467,23.903221,-3.170227,0
19,18.727144,22.340418,-1.8716706,0
20,26.55586,22.194366,7.3186674,0
21,18.752615,24.926739,-1.6098813,0
22,20.732227,23.566645,-0.51273066,0
23,26.874023,22.94039,-3.5426507,0
24,32.395065,11.930645,2.490685,0
25,28.732746,20.678314,-10.09444,0
26,26.55586,22.194366,7.3186674,0
27,32.395065,11.930645,2.490685,0
28,18.727144,22.340418,-1.8716706,0
29,21.15562,21.600157,-2.2105188,0
30,5.97991,-24.400938,-8.590889,1
31,4.174322,-11.58075,-10.895187,1
32,-16.697912,-14.464237,4.1132584,1
33,13.858804,-11.9588995,-18.425173,1
34,11.583565,-6.5589914,-9.241744,1
35,6.6702456,-23.814856,-6.883685,1
36,9.136333,0.7186235,-8.43774,1
37,13.434985,-24.635513,-9.706761,1
38,23.786074,5.233143,-9.914219,1
39,9.259114,-27.286259,-7.3781238,1
40,5.3044033,14.260846,-1.9978241,1
41,14.912059,22.30753,12.523426,1
42,-16.317783,-13.803663,3.1794062,1
43,13.290229,-25.674253,-11.57461,1
44,24.094906,-1.1736332,-11.301993,1
45,11.876273,-24.289831,-12.536053,1
46,18.701614,-1.1066602,-10.664285,1
47,-3.5142379,3.9979346,-11.158558,1
48,2.4906645,-16.610304,-10.312401,1
49,21.382252,-1.2114658,-13.450124,1
50,16.456738,2.8767865,-10.996801,1
51,8.856896,-1.3594122,1.5198607,1
52,-3.4753149,4.9085827,-9.90299,1
53,15.778635,-26.256006,-10.102676,1
54,-32.29866,13.138327,4.0587187,1
55,12.945149,-24.42164,-1.6326015,1
56,13.592235,-4.646457,-1.5221176,1
57,13.768861,-23.515327,-11.541284,1
58,-24.697891,-3.6163754,17.435303,1
59,-18.370075,4.4547176,2.515014,1
60,22.195883,0.84972465,-11.242152,1
61,13.768861,-23.515327,-11.541284,1
62,3.4753454,-12.896008,-8.758131,1
63,12.316746,-21.913443,-9.495097,1
64,20.985455,-10.359299,5.347353,1
65,11.524244,-24.301645,-10.603647,1
66,-32.366222,13.682781,5.659605,1
67,-19.640965,6.434825,1.2377441,1
68,3.6354399,-18.377443,-14.581158,1
69,4.221312,-15.75247,-10.051923,1
70,15.105923,-6.742315,0.5446679,1
71,5.5596604,-25.414633,-7.0006747,1
72,3.7191935,-10.760838,-10.147537,1
73,21.683218,-0.4892219,-10.49205,1
74,24.383074,12.171929,-4.5073137,1
75,20.541843,0.67439204,-10.873888,1
76,7.5579395,6.886748,-1.8325781,1
77,23.897285,2.3454616,-8.294238,1
78,8.836485,-14.2122755,-11.606788,1
79,16.537691,-24.83202,-15.90561,1
80,5.3044033,14.260846,-1.9978241,1
81,4.784361,-23.695929,-7.2208667,1
82,-19.04919,8.485465,1.281314,1
83,-3.022071,-4.8734045,11.234493,1
84,-32.649742,14.441129,6.6897697,1
85,7.8524237,11.121249,9.22446,1
86,10.183851,-27.675596,-6.6680064,1
87,14.912059,22.30753,12.523426,1
88,25.667992,5.2727723,-6.3594913,1
89,21.734526,0.1492742,-7.737445,1
90,-22.282633,16.59538,6.208714,2
91,-19.629066,17.974926,7.7304034,2
92,-22.648922,18.780119,8.784598,2
93,-22.282633,16.59538,6.208714,2
94,-21.08062,19.372723,4.2413907,2
95,-27.010847,18.63659,11.096311,2
96,-22.262857,16.390429,16.042566,2
97,-26.598919,15.216321,10.509122,2
98,-28.438322,20.459375,8.403024,2
99,-5.3710456,13.520323,30.474678,2
100,-23.259048,20.03223,6.2756786,2
101,-20.467491,21.105574,7.2576084,2
102,-28.396425,17.341646,8.210046,2
103,-25.356903,19.810331,8.800102,2
104,-25.61905,18.09703,6.2253356,2
105,-25.61905,18.09703,6.2253356,2
106,-28.385399,19.71479,5.2178454,2
107,-23.16672,17.09151,16.383453,2
108,-5.0354285,12.4592495,32.09043,2
109,-23.02242,22.722702,5.1072063,2
110,-24.608725,14.735283,4.6276135,2
111,-23.735312,13.916401,8.079093,2
112,-26.854284,14.929627,6.9168525,2
113,15.419924,-22.303986,-9.150595,2
114,-18.677813,12.739449,0.14649366,2
115,-24.749739,16.702293,8.827385,2
116,-27.22187,16.84388,3.695983,2
117,-23.694988,17.631966,3.096926,2
118,-21.49158,15.841859,9.746521,2
119,-25.176607,20.415302,3.6225507,2
120,-23.789711,17.363462,11.56556,2
121,-23.103703,22.328754,8.674627,2
122,-26.074045,22.00445,6.38584,2
123,-26.23599,22.63296,9.691898,2
124,-5.3710456,13.520323,30.474678,2
125,-5.3710456,13.520323,30.474678,2
126,-20.847258,19.903965,10.73315,2
127,-24.081347,20.654074,11.556405,2
128,8.484806,-19.214811,7.6703296,3
129,13.29706,-1.3203338,-5.858953,3
130,-7.0077157,-1.6520119,18.608152,4
131,-8.876689,-12.256363,9.9513035,4
132,0.39254978,6.5072117,27.191013,4
133,0.39254978,6.5072117,27.191013,4
134,-0.6644563,5.402381,27.911795,4
135,4.3907385,-22.071959,-20.716143,5
136,1.83279,-8.082629,-15.0123005,5
137,-1.0694121,5.1653695,-6.5206985,5
138,-18.895094,-4.901876,4.846123,5
139,30.688,1.6264191,-14.278112,5
140,8.83453,-9.048965,-17.553406,5
141,25.89259,7.6590223,-5.5384254,5
142,12.836636,-12.14468,-16.333788,5
143,5.0287256,-19.027508,-10.978661,5
144,10.499514,-0.37642497,-26.868027,5
145,4.0405855,3.124387,-22.417416,5
146,5.0521464,-11.026751,-18.47881,5
147,25.024523,-11.820502,1.5871736,5
148,29.267122,-1.1328715,-15.671015,5
149,3.1835284,-9.552907,-32.14177,5
150,13.136603,-13.731941,-16.47827,5
151,21.773582,-3.0409067,-14.568543,5
152,5.6616716,-10.094811,-19.583057,5
153,8.535646,-9.291542,-23.394077,5
154,16.460808,-6.7403684,-23.497562,5
155,21.53631,-1.6353875,-19.422308,5
156,0.21026394,-13.01679,-12.729482,5
157,12.653798,-7.7964034,-24.735744,5
158,21.76437,-3.091367,-19.718664,5
159,2.969737,-7.722559,-14.785125,5
160,11.292389,-8.48735,-26.005428,5
161,7.428618,-6.5403743,-2.9957495,5
162,17.087555,-2.8385656,-21.090662,5
163,7.7535243,-10.702183,-23.95484,5
164,30.177301,2.416255,-15.227933,5
165,29.563099,0.893468,-16.325434,5
166,3.1606324,2.6020284,-21.607199,5
167,5.8260846,-3.420219,-21.166681,5
168,18.759895,-3.627943,-20.976461,5
169,25.619965,3.695101,-5.8136277,5
170,20.932999,-4.937033,-14.707164,5
171,-0.55981225,3.6057003,-9.695846,5
172,2.9010422,-11.64821,-18.164513,5
173,4.1439915,-21.810354,-21.8809,5
174,17.777325,-7.5984883,-26.074894,5
175,4.8466053,-3.5088375,-20.458937,5
176,3.9438846,-5.180895,-23.03222,5
177,7.214455,-9.259366,-24.463448,5
178,22.58822,-3.6395152,-25.450516,5
179,-11.735504,-12.28865,-3.485558,5
180,23.85436,-4.159023,-15.276759,5
181,12.530148,-1.4764565,-25.8894,5
182,9.684024,-5.4968066,-4.2114773,5
183,4.3728466,-18.789478,-20.844624,5
184,1.0188264,-6.799626,-27.681501,5
185,1.2128109,-6.3803115,-26.252897,5
186,6.931184,-10.209359,-18.529568,5
187,23.830032,-3.5818086,-25.703743,5
188,16.679657,-9.168771,-1.5643898,5
189,23.18464,-4.7206726,-20.040915,5
190,-19.424118,-5.980772,5.542419,5
191,13.727394,-3.4107196,-24.378492,5
192,24.953222,1.7650311,-4.8816805,5
193,11.270072,-5.7848635,-6.5704107,5
194,13.93209,-8.476925,-21.758436,5
195,2.660587,2.1535726,-9.432436,5
196,26.086391,9.195397,-3.496214,5
197,19.829062,-6.197617,-13.7581,5
198,17.059752,-6.582402,-26.590342,5
199,26.812536,8.868384,-2.4804344,5
200,28.36699,-12.030244,3.755936,5
201,16.436459,-4.4313793,-20.388285,5
202,14.455098,-7.4409213,-23.763474,5
203,5.3194966,5.487794,-13.087971,5
204,11.49253,-7.349288,-23.449432,5
205,2.9327765,-20.38754,-13.077229,5
206,11.417639,-1.2322158,-25.405207,5
207,22.980858,-13.756839,-7.329341,5
208,0.091966115,2.4893618,-9.2869215,5
209,18.810305,-4.9311266,-22.201353,5
210,-10.899729,34.52245,-7.038051,6
211,-17.3179,19.975643,-6.6481075,6
212,-9.537521,35.88769,-9.140225,6
213,-19.242819,20.489159,-8.27649,6
214,-14.562055,36.973003,-6.4501305,6
215,-12.213419,19.723644,-13.678972,6
216,-14.315507,32.9049,-10.4807625,6
217,-10.496503,33.43854,-4.4243994,6
218,-16.0264,34.42562,-8.111997,6
219,-19.242819,20.489159,-8.27649,6
220,-15.0597725,15.234036,3.1708035,6
221,-11.856187,32.06402,-8.625436,6
222,-13.001825,35.5409,-9.061305,6
223,-10.7806015,33.8035,-10.924566,6
224,-13.289756,21.183355,-12.150542,6
225,-15.0597725,15.234036,3.1708035,6
226,-13.659094,21.80008,-14.830862,6
227,-19.242819,20.489159,-8.27649,6
228,-12.029165,36.304306,-4.5680175,6
229,-13.646424,33.770164,-5.8475366,6
230,-11.856187,32.06402,-8.625436,6
231,-19.242819,20.489159,-8.27649,6
232,-13.289756,21.183355,-12.150542,6
233,-18.479443,18.061794,-7.9022856,6
234,-13.646424,33.770164,-5.8475366,6
235,-13.646424,33.770164,-5.8475366,6
236,-11.686181,31.01038,-5.7444487,6
237,-8.92394,32.760258,-7.619964,6
238,-14.817393,31.347746,-7.6855803,6
239,-13.001825,35.5409,-9.061305,6
240,-13.659094,21.80008,-14.830862,6
241,-13.001825,35.5409,-9.061305,6
242,-14.56149,19.600842,-13.402374,6
243,-19.242819,20.489159,-8.27649,6
244,-11.458874,37.733173,-7.222654,6
245,-9.044257,35.98548,-5.8964195,6
246,-15.0597725,15.234036,3.1708035,6
247,-19.242819,20.489159,-8.27649,6
248,-13.659094,21.80008,-14.830862,6
249,-13.659094,21.80008,-14.830862,6
250,19.504206,-17.959595,10.457727,7
251,9.501953,-13.409024,10.910306,7
252,20.100037,-17.070665,12.770684,7
253,9.829072,-16.95747,9.535652,7
254,7.3815846,-17.649979,14.624343,7
255,2.4711423,-16.204176,12.041925,7
256,9.043311,-20.397251,12.394381,7
257,19.160528,-18.511879,9.213414,7
258,2.655302,-13.310038,13.389689,7
259,5.624976,-19.13368,12.407023,7
260,9.071984,-17.728655,10.306653,7
261,17.466894,-7.961455,13.788068,7
262,13.161857,-15.794013,6.668553,7
263,21.345406,-12.3478365,12.396416,7
264,11.515835,-14.82517,12.965451,7
265,8.199105,-18.56686,12.955608,7
266,1.8920492,-26.559853,4.60492,7
267,11.045411,-18.092035,13.663892,7
268,11.543942,-9.299719,0.04532198,7
269,19.883314,-17.521156,4.8980527,7
270,4.2529583,-16.63371,11.1994915,7
271,11.515835,-14.82517,12.965451,7
272,4.4600606,-8.13445,-2.555917,8
273,3.3374126,-8.538678,-2.2346978,8
274,8.631027,-2.7272475,8.782844,8
275,8.631027,-2.7272475,8.782844,8
276,8.631027,-2.7272475,8.782844,8
277,-27.260727,-11.388026,-1.3162851,9
278,-10.868247,-2.6264925,-28.729984,9
279,-20.170076,9.314547,-5.064172,9
280,6.133723,5.9885116,11.462281,9
281,6.1859665,6.4613566,12.574814,9
282,-2.0015466,0.8632608,-28.055653,9
283,6.9117794,3.427115,-10.710935,9
284,-12.89275,-5.804017,-25.838703,9
285,-8.097068,-8.316551,-26.564383,9
286,-9.424508,-1.3162346,-25.165157,9
287,-10.637815,-3.7882712,-27.884045,9
288,-27.260727,-11.388026,-1.3162851,9
289,-12.282967,-3.3220265,-25.763672,9
290,11.34446,6.1367044,-5.6561127,9
291,-4.882578,1.0215324,-24.137081,9
292,-7.333671,-1.2207481,-24.586082,9
293,-2.7746599,3.0345192,-20.924517,9
294,-2.6589909,-1.4769292,-23.333372,9
295,-5.781955,-1.0184447,-27.514055,9
296,-21.391462,9.495575,-4.6955447,9
297,5.6648326,-13.573675,-17.464907,9
298,-6.8217626,2.3367019,-24.75551,9
299,2.544826,-5.1999364,-23.73507,9
300,-2.8754416,-6.155693,-22.26573,9
301,10.645282,6.9463787,-6.2457185,9
302,-8.003938,-7.3258867,-25.821468,9
303,-9.722718,-6.3562093,-15.194526,9
304,-6.48284,-1.504045,-19.601803,9
305,-17.113733,8.912164,-5.05563,9
306,-7.6877007,-0.42246795,-19.289034,9
307,-8.987392,-3.2762878,-15.7589655,9
308,-4.9662333,0.66965806,-18.63575,9
309,-11.612432,-4.6205034,-25.718716,9
310,-1.2284056,0.46160316,-29.177214,9
311,-4.313339,0.41121796,-25.954145,9
312,-8.308123,-2.1978314,-16.731703,9
313,-25.695286,-2.6420925,3.2970893,9
314,-25.39259,-3.8234935,3.628991,9
315,1.2262872,11.428341,11.284324,9
316,-9.68001,-0.4547717,-24.272505,9
317,-3.4442365,2.5101433,-21.850527,9
318,20.575226,2.810103,-15.320351,9
319,-4.0209494,-3.3431535,-22.592083,9
320,-6.6368494,-0.15291722,-20.524176,9
321,-3.5054517,-6.280374,-23.276957,9
322,-8.184563,-2.0086794,-21.600607,10
323,24.79588,-12.586538,5.952524,11
324,24.504253,-13.230488,11.590364,11
325,7.6328635,-14.443824,10.126505,11
326,25.692371,-11.852243,3.6544964,11
327,21.417492,-16.444828,3.561524,11
328,22.929688,-14.065746,12.648229,11
329,24.489374,-11.522487,3.8134763,11
330,23.680773,-12.0322075,13.303809,11
331,28.09829,-7.5744767,-1.8901002,11
332,23.337767,-11.367784,11.471968,11
333,18.561605,-8.677828,13.260338,11
334,28.09829,-7.5744767,-1.8901002,11
335,21.417492,-16.444828,3.561524,11
336,13.664406,-13.906746,12.1922035,11
337,15.368913,-3.5408788,-0.09307591,11
338,22.655123,-13.248482,10.728195,11
339,8.803001,11.811941,4.2213287,12
340,6.7948103,24.186394,5.441574,12
341,-6.907917,-11.504094,-10.092715,12
342,13.113171,16.854893,15.403752,12
343,-9.764605,17.122454,-20.145014,12
344,1.5321693,6.8624763,7.705741,12
345,9.782185,16.336962,7.1765175,12
346,10.307736,13.794951,5.1622243,12
347,11.407854,13.508451,15.836244,12
348,10.349311,16.320969,2.2885518,12
349,-7.320814,8.324757,13.330614,12
350,1.5746063,3.3436253,13.1574545,12
351,13.486641,4.1154165,10.090153,12
352,-25.921795,-14.693688,-17.699932,12
353,8.893285,-17.95455,-20.089474,12
354,11.58875,-5.3211193,18.5159,12
355,24.641716,13.60457,3.311507,12
356,13.851908,6.062531,8.21459,12
357,17.28541,-3.2912428,10.173823,12
358,-1.3417261,-10.702122,-11.279271,12
359,-5.5388985,9.889446,10.863987,12
360,25.137619,9.87931,-6.165853,12
361,6.2164097,5.5450315,0.7514319,12
362,-4.9617267,-1.2882698,-8.590844,12
363,-9.941445,-9.40112,-9.24404,12
364,-12.748061,-12.2363825,-7.601272,12
365,6.067288,4.977465,-0.25077304,12
366,-1.283667,13.243923,8.005791,12
367,14.398773,10.141422,4.2296295,12
368,11.171644,16.597977,15.201332,12
369,-12.940937,10.68368,10.562652,12
370,6.651039,11.719543,9.416365,12
371,-7.248524,-3.412624,-7.3689528,12
372,5.28701,-5.9891524,16.404081,12
373,17.819437,22.857738,1.4111295,12
374,-4.0159826,15.116022,6.8617673,12
375,0.31997123,12.908253,-2.998821,12
376,-10.184572,13.30145,9.90296,12
377,0.44228196,11.601191,-8.074696,12
378,-11.118547,-10.534286,-6.972736,12
379,15.997412,-6.6379304,-2.092049,12
380,2.4765077,16.342447,-11.332105,12
381,-12.940937,10.68368,10.562652,12
382,2.958072,18.675446,9.029572,12
383,1.4503216,16.87414,22.309856,12
384,-30.826437,12.41271,-0.567182,12
385,-9.142834,11.415114,14.153396,12
386,22.910631,15.559482,3.395414,12
387,-0.53605336,6.6044703,13.02955,12
388,8.51699,-13.048285,-9.8755045,12
389,0.2729083,0.7187682,10.954579,12
390,-9.861507,-13.385181,-9.355294,12
391,1.5321693,6.8624763,7.705741,12
392,-3.8921876,11.810997,4.1924295,12
393,-12.119533,-10.501602,-9.433033,12
394,-18.590847,9.260523,5.2391067,12
395,-10.102734,3.5246234,-7.276929,12
396,14.785106,7.6916785,6.3837256,12
397,10.186305,-20.07666,-14.5175295,12
398,-22.624424,-3.1086059,-1.6452584,12
399,15.332533,18.819498,7.0578003,12
400,12.801287,7.583584,-0.2511732,12
401,11.419156,17.46293,12.825659,12
402,7.4293065,-0.105739966,-8.222128,12
403,14.398773,10.141422,4.2296295,12
404,-9.849092,-8.091839,-15.58797,12
405,8.462183,-3.867477,19.88595,12
406,-3.388648,-2.4405801,13.463181,12
407,14.017361,2.2755477,12.735132,12
408,-7.248524,-3.412624,-7.3689528,12
409,0.76285636,1.1317052,19.463306,12
410,14.012253,1.345905,14.563539,12
411,-8.554468,13.392971,-6.265686,12
412,2.487866,-25.077948,-10.183308,12
413,-18.664862,5.234683,0.27186626,12
414,-12.119533,-10.501602,-9.433033,12
415,11.909477,13.093737,4.2162924,12
416,-0.28934112,2.7754345,13.145462,12
417,-30.826437,12.41271,-0.567182,12
418,6.7948103,24.186394,5.441574,12
419,25.237505,14.3547125,1.7999378,12
420,-13.102607,4.5209007,2.0206015,12
421,-15.7211,5.823462,12.381618,12
422,8.553916,-23.503885,-15.9828415,12
423,-10.486405,-5.9589376,-14.210639,12
424,11.407854,13.508451,15.836244,12
425,4.6449847,-20.427341,-9.082311,12
426,10.274916,-4.755038,15.945605,12
427,3.3041463,-13.067228,30.179388,12
428,-1.2689141,-2.9666476,-14.349536,12
429,11.889954,17.869963,17.302881,12
430,14.017361,2.2755477,12.735132,12
431,7.4396753,4.824704,18.954683,12
432,-8.907276,15.953994,16.755476,12
433,11.989453,15.825684,12.746068,12
434,-2.4374554,13.902817,9.190677,12
435,-9.451788,-11.44919,-8.197765,12
436,-10.620924,-12.988777,-7.1649857,12
437,-19.000156,14.445474,-1.4658066,12
438,20.297646,-2.7486506,9.785116,12
439,10.300517,16.142687,12.949615,12
440,-3.0985844,14.102576,5.6936803,12
441,1.7418809,2.0096037,12.200507,12
442,10.859073,5.915203,9.284666,12
443,-10.352675,-11.415567,-10.879523,12
444,0.4636649,-1.1141024,9.580346,12
445,18.233002,-4.1753435,9.520177,12
446,-5.4276896,-0.3156983,-10.374455,12
447,-1.074862,0.71981055,14.135304,12
448,13.082854,17.713526,7.542802,12
449,-4.2079773,13.348064,6.827781,12
450,-1.428723,14.999024,8.194331,12
451,-5.052183,10.527834,11.786092,12
452,-12.04447,-13.082422,-9.666853,12
453,6.2937627,7.358947,4.999934,12
454,-8.943511,3.271161,-7.7904406,12
455,12.255807,8.615196,-0.616629,12
456,11.123147,16.80195,7.9185596,12
457,7.4478416,-18.121893,-10.141101,12
458,-1.9549655,-0.006136783,-8.991049,12
459,-20.933321,11.742474,1.4600487,12
460,-6.907917,-11.504094,-10.092715,12
461,-22.367018,-2.006968,-1.2499537,12
462,10.274916,-4.755038,15.945605,12
463,-9.764605,17.122454,-20.145014,12
464,10.859073,5.915203,9.284666,12
465,14.398773,10.141422,4.2296295,12
466,14.398773,10.141422,4.2296295,12
467,-30.826437,12.41271,-0.567182,12
468,15.997412,-6.6379304,-2.092049,12
469,-30.826437,12.41271,-0.567182,12
470,26.286518,4.5079274,20.027317,13
471,29.712433,6.964213,19.135519,13
472,29.712433,6.964213,19.135519,13
473,29.712433,6.964213,19.135519,13
474,26.286518,4.5079274,20.027317,13
475,29.712433,6.964213,19.135519,13
476,26.286518,4.5079274,20.027317,13
477,26.286518,4.5079274,20.027317,13
478,29.712433,6.964213,19.135519,13
479,29.712433,6.964213,19.135519,13
480,29.712433,6.964213,19.135519,13
481,29.712433,6.964213,19.135519,13
482,27.853548,3.9245708,12.05134,13
483,29.712433,6.964213,19.135519,13
484,29.712433,6.964213,19.135519,13
485,-18.400808,10.826483,0.823536,13
486,29.712433,6.964213,19.135519,13
487,29.712433,6.964213,19.135519,13
488,26.845911,5.243887,11.976182,13
489,29.712433,6.964213,19.135519,13
490,29.712433,6.964213,19.135519,13
491,29.712433,6.964213,19.135519,13
492,26.845911,5.243887,11.976182,13
493,29.712433,6.964213,19.135519,13
494,-17.905968,11.585422,1.7222612,13
495,29.712433,6.964213,19.135519,13
496,29.712433,6.964213,19.135519,13
497,29.712433,6.964213,19.135519,13
498,29.712433,6.964213,19.135519,13
499,29.712433,6.964213,19.135519,13
500,29.712433,6.964213,19.135519,13
501,29.712433,6.964213,19.135519,13
502,29.712433,6.964213,19.135519,13
503,29.712433,6.964213,19.135519,13
504,-6.7479486,-23.309671,13.989698,14
505,-6.7479486,-23.309671,13.989698,14
506,-9.813835,7.993153,29.117876,14
507,-9.11768,-26.420416,12.170532,14
508,-8.211302,-25.595491,11.871077,14
509,-9.813835,7.993153,29.117876,14
510,-26.664488,7.2456245,-1.1485603,15
511,-25.474974,-17.428059,-15.907431,15
512,-3.2832813,-0.07898624,17.928106,15
513,24.837437,16.369385,0.8636926,15
514,-4.960908,-17.747368,-15.025876,15
515,14.160632,-11.673248,4.7243695,15
516,1.8367999,-17.803968,-20.206106,15
517,-25.031162,1.5030644,16.720491,15
518,-19.743317,3.0379546,14.2405815,15
519,-19.667933,-18.656185,0.10756215,15
520,-26.895168,7.131582,-2.328086,15
521,-14.298672,-19.70969,2.4464731,15
522,-28.125889,21.449993,-0.987085,15
523,1.7707329,10.619608,-6.24729,15
524,5.2148046,-19.45328,-14.109694,15
525,-25.474974,-17.428059,-15.907431,15
526,-25.474974,-17.428059,-15.907431,15
527,-0.5100124,-7.357603,10.158677,15
528,-25.474974,-17.428059,-15.907431,15
529,-24.72205,-16.65605,0.84968066,15
530,-21.119434,-14.702393,-2.401306,15
531,23.607363,12.113935,-3.1028597,15
532,-14.298672,-19.70969,2.4464731,15
533,-19.743317,3.0379546,14.2405815,15
534,1.1519454,11.791395,-3.8097239,15
535,2.3386934,0.9150429,-6.1592712,15
536,1.790749,16.33831,-6.380165,15
537,-26.162737,-16.98015,2.1863146,15
538,6.6391397,6.111515,3.6264153,15
539,24.837437,16.369385,0.8636926,15
540,-27.21883,20.20862,-1.6163607,15
541,-4.056701,19.602224,-2.9082134,15
542,0.5047122,-10.148169,3.5401554,15
543,-1.5312254,7.788929,-0.6141975,15
544,-21.783253,-11.37418,-22.638008,15
545,-25.474974,-17.428059,-15.907431,15
546,9.948732,-1.836101,-8.250168,15
547,-21.783253,-11.37418,-22.638008,15
548,-25.995312,-18.89685,1.7008631,15
549,-24.28335,-17.846912,2.573534,15
550,-23.420347,-21.291254,5.3019667,15
551,-24.390783,-18.602757,0.5686253,15
552,-28.125889,21.449993,-0.987085,15
553,-21.886654,6.0279555,0.18538572,15
554,-15.696263,9.766255,0.41067034,15
555,1.7881866,-17.953144,-21.399939,15
556,13.167376,-11.073751,5.041855,15
557,5.303345,-18.211096,-13.683232,15
558,22.064503,-2.8097963,-7.8420477,15
559,10.562719,-21.791632,-14.294631,15
560,-19.807613,-17.174881,1.3608403,15
561,-22.263596,7.0114727,0.9790673,15
562,-0.16169588,-3.2564492,4.3784432,15
563,-19.667933,-18.656185,0.10756215,15
564,-18.218096,-17.381882,0.2649669,15
565,-21.351147,-21.397247,4.732153,15
566,-20.337214,-16.105503,-1.4694895,15
567,-1.029325,26.06819,-6.2699943,15
568,-13.731863,5.680741,0.07597918,15
569,-25.474974,-17.428059,-15.907431,15
570,0.6775891,-6.6538863,-7.607048,16
571,1.0781453,-15.4841,-21.076735,16
572,4.176452,14.9426565,-26.653614,16
573,19.68635,9.180331,-12.738116,16
574,6.122726,11.68055,-25.255095,16
575,-7.213877,-22.971743,-19.89264,16
576,6.468505,7.7367334,-18.39991,16
577,10.473217,6.7112603,-21.95787,16
578,7.8710594,16.246897,-21.75245,16
579,0.78785115,2.9794047,-13.074779,16
580,14.3079605,-7.961825,-14.761055,16
581,8.938853,12.500017,-12.286018,16
582,-10.064793,-22.067032,-19.465271,16
583,24.59938,-7.180822,3.7758884,16
584,-0.14847346,9.24323,-16.807316,16
585,-0.14847346,9.24323,-16.807316,16
586,1.2709678,-7.7482123,-8.247568,16
587,31.081032,2.2858253,21.91026,16
588,6.676605,-18.937338,-16.51613,16
589,6.3381305,8.919917,-28.866188,16
590,8.500196,8.112234,-22.99657,16
591,-9.067509,-23.510551,-20.439821,16
592,17.013113,10.158957,-18.331049,16
593,8.185748,11.799361,-23.524342,16
594,7.461033,7.4381056,-17.543005,16
595,16.99742,9.744908,-10.906724,16
596,6.0145154,-0.6088271,-10.512926,16
597,4.192764,5.91901,-15.311909,16
598,23.976818,10.674748,-9.702273,16
599,10.257612,14.923027,-13.386956,16
600,-8.35478,-21.359287,-20.23045,16
601,4.2873325,7.011406,-14.798317,16
602,-27.759882,9.61789,7.176154,16
603,19.014572,10.463714,-12.644408,16
604,6.3381305,8.919917,-28.866188,16
605,0.31360003,11.095093,-21.221952,16
606,-5.0651746,1.4047216,-2.3791053,16
607,-5.9260316,1.8900875,-1.7039309,16
608,3.3536162,14.177481,-24.580647,16
609,1.135262,-3.2324903,-13.97896,16
610,7.316562,12.01914,-25.87361,16
611,2.067729,15.106325,-27.626942,16
612,18.803144,10.442768,-18.100845,16
613,22.819574,1.5050474,-6.7116814,16
614,6.4795966,3.5168645,-4.150795,16
615,8.5326605,6.759122,-16.00314,16
616,19.246672,-5.2377086,-1.9770745,16
617,2.519524,1.7301387,-11.935215,16
618,9.786778,-0.52275807,-6.2733183,16
619,7.1032505,8.051333,-24.92202,16
620,-12.039883,-15.491375,-7.5777464,16
621,20.103054,10.727532,-18.314274,16
622,10.67835,-1.0692763,2.2413309,16
623,7.0774083,15.716317,-21.008886,16
624,6.6588397,-1.4300576,1.7223984,16
625,20.684204,8.701217,-14.015726,16
626,12.105177,-10.530732,-13.877533,16
627,6.3381305,8.919917,-28.866188,16
628,2.6215713,16.25868,-25.523802,16
629,6.3381305,8.919917,-28.866188,16
630,13.003292,-15.891689,-14.5566,16
631,22.83291,10.550105,-9.328854,16
632,6.4627533,14.496208,-8.509104,16
633,0.609151,-3.9059205,-13.119388,16
634,20.831463,-5.5339513,-3.3025644,16
635,4.176452,14.9426565,-26.653614,16
636,1.1289446,-14.245205,-7.4152813,16
637,23.611177,-12.755716,-6.463119,16
638,1.3845125,14.381466,-25.607237,16
639,8.186349,12.722415,-11.263029,16
640,24.59938,-7.180822,3.7758884,16
641,0.31360003,11.095093,-21.221952,16
642,4.7986026,-2.175662,3.374373,16
643,-0.14847346,9.24323,-16.807316,16
644,-8.505521,-22.708982,-18.383059,16
645,10.257612,14.923027,-13.386956,16
646,-29.781225,10.181329,7.8119497,16
647,6.3381305,8.919917,-28.866188,16
648,6.327343,7.4384317,-26.311337,16
649,16.158484,10.385626,-10.171976,16
650,-2.0661223,8.157875,-15.78627,16
651,6.273183,-1.9584525,-6.020582,16
652,22.150743,-11.954254,-7.0208426,16
653,-26.671003,9.282113,6.7184553,16
654,2.7869072,13.031026,-26.670053,16
655,3.23427,-7.8369455,-5.9558597,16
656,-11.847871,0.37464774,15.130908,17
657,-26.528101,-1.048812,19.476843,17
658,0.78706145,2.0050673,2.3265657,17
659,6.801352,-31.036562,-6.83823,17
660,14.623637,-24.520115,-0.8089118,17
661,0.69000626,1.072508,0.62012887,17
662,9.218866,-16.548973,-12.348417,17
663,-8.900172,-5.760366,4.756281,17
664,3.7716393,18.39872,-10.342256,17
665,0.18230484,-10.030944,5.042665,17
666,-25.151585,-0.99784786,17.587902,17
667,20.946547,-12.046771,-4.9541683,17
668,-7.811755,-5.2676578,4.9561777,17
669,-1.0951666,16.716324,-13.909982,17
670,-9.223858,25.658205,8.207163,17
671,1.1393758,17.304073,-11.478737,17
672,6.334738,-14.820986,-15.738518,17
673,-11.847871,0.37464774,15.130908,17
674,17.439342,-11.7048025,-3.8816545,17
675,3.294356,-0.7001569,-7.6507354,17
676,8.386458,-16.099642,-13.0964155,17
677,14.575602,-6.6616464,-5.7570853,17
678,3.3905258,18.734072,-8.665226,17
679,-0.9169271,1.5197909,1.5898261,17
680,-11.056732,9.328863,-1.3174512,17
681,0.12503414,2.9069338,0.75357836,17
682,14.623637,-24.520115,-0.8089118,17
683,-14.832516,-4.4431987,11.650656,17
684,1.4358814,-28.144266,3.4684238,17
685,6.801352,-31.036562,-6.83823,17
686,-24.130323,-0.805322,19.709223,17
687,-12.9612055,-0.24791363,16.58992,17
688,-6.8995376,-14.212324,-22.329565,17
689,0.0626846,-25.263489,3.249136,17
690,10.339481,-20.547327,-2.1367838,17
691,-20.971125,-33.09048,4.8342953,17
692,-6.8995376,-14.212324,-22.329565,17
693,-25.202631,-7.1440988,9.810169,17
694,-18.676977,-33.10538,5.757061,17
695,-20.971125,-33.09048,4.8342953,17
696,-26.97316,-2.531974,17.918463,17
697,16.682144,-11.36754,-4.760573,17
698,9.588463,-21.24222,-1.4984548,17
699,7.29599,18.535671,-9.300568,17
700,-15.380158,-10.397155,-15.966379,17
701,0.0626846,-25.263489,3.249136,17
702,-25.202631,-7.1440988,9.810169,17
703,6.761099,19.190432,-7.8479967,17
704,-25.202631,-7.1440988,9.810169,17
705,-11.591304,1.0732137,16.91884,17
706,-0.60024375,-17.980919,-29.635035,18
707,-9.410136,-5.527734,-2.3904748,18
708,-25.665379,-21.204342,-15.458929,18
709,20.16838,2.5326445,-6.537334,18
710,-13.022332,-13.743782,-1.5848053,18
711,15.852472,-4.5512276,-2.849685,18
712,2.031188,-4.591316,5.5838876,18
713,-21.309525,-1.4903035,-15.855799,18
714,-25.714115,-2.5479348,5.9242377,18
715,13.576617,-12.221069,7.3125944,18
716,1.5062169,-10.187386,1.6937194,18
717,-14.050091,-17.847307,-11.478724,18
718,-25.44005,-21.385555,-13.363745,18
719,-0.68051434,-4.988855,-6.630424,18
720,-23.445604,-21.981165,-5.4196706,18
721,-26.554844,-14.48097,-12.378398,18
722,2.5848835,-2.964619,4.8915305,18
723,-26.554844,-14.48097,-12.378398,18
724,-24.085833,-20.21359,-7.8118167,18
725,6.3778377,0.7854382,-8.812125,18
726,1.5765257,25.417988,-7.238325,18
727,7.242375,-10.3060875,4.0986104,18
728,-16.729074,-0.78086936,1.7362586,18
729,9.911989,-10.403393,1.6331003,18
730,-14.050091,-17.847307,-11.478724,18
731,18.19836,-6.0516586,8.186121,18
732,8.438115,-11.509019,4.1399446,18
733,-0.3476213,-0.17547835,-9.11844,18
734,-21.835072,-21.227066,-5.802922,18
735,21.817541,3.67241,-9.282721,18
736,6.3102264,2.5442684,-5.955468,18
737,6.0518312,-12.419403,3.749141,18
738,-23.013565,-18.877956,-7.307447,18
739,16.139742,-6.664217,5.1656055,18
740,12.1709175,-2.1131687,-6.2563734,18
741,-2.6339507,17.147593,-4.584696,18
742,10.666811,-14.346171,5.0657487,18
743,5.8513246,-11.219224,0.25512218,18
744,-7.2200046,-19.78293,11.461285,18
745,1.7650076,-3.5030499,6.4527974,18
746,-6.870177,-4.8007345,-1.4120933,18
747,-24.238192,-17.953478,-18.08552,18
748,-21.835072,-21.227066,-5.802922,18
749,-2.8401215,15.447947,12.882087,18
750,10.540011,-28.664047,-8.912617,18
751,-24.061073,-21.008688,-14.496325,18
752,10.195241,-7.8337293,-6.4084477,18
753,-7.691011,-6.0196204,-0.09923574,18
754,15.074594,-12.042778,-2.7520032,18
755,-22.332228,-1.245143,-16.445127,18
756,9.962855,11.507809,16.606573,18
757,-22.278442,-16.77096,-16.109993,18
758,-24.425632,-19.296682,-6.308884,18
759,-24.821968,-14.350244,-12.32992,18
760,-19.620066,-7.854898,1.9331374,18
761,21.817541,3.67241,-9.282721,18
762,14.6371355,-2.8907006,-1.4727592,18
763,-9.174862,-12.740987,8.567829,18
764,-6.430021,-20.004128,10.512172,18
765,1.5765257,25.417988,-7.238325,18
766,-12.662624,-12.770111,-0.9649658,18
767,-8.079998,-4.0845733,-0.19861406,18
768,-15.356518,1.5051752,-12.156008,18
769,5.75635,-14.310764,9.236867,18
770,-2.6339507,17.147593,-4.584696,18
771,-7.691011,-6.0196204,-0.09923574,18
772,3.1552691,4.9735723,-8.711729,18
773,21.168064,2.2187257,-14.003326,18
774,-2.8401215,15.447947,12.882087,18
775,-13.34071,7.754091,-12.208452,18
776,-0.60024375,-17.980919,-29.635035,18
777,-0.11247792,8.08498,-6.734464,18
778,-4.097469,-11.943081,-33.912033,19
779,-3.633247,-11.3173485,-36.493088,19
780,-0.44084528,-12.484145,-34.382244,19
781,1.4257296,-13.471736,-36.578102,19
782,18.312325,-13.4703865,-6.1421537,19
783,0.008044832,-6.8106766,-32.663532,19
784,-0.44084528,-12.484145,-34.382244,19
785,-3.633247,-11.3173485,-36.493088,19
786,31.545612,5.6751895,-5.571824,19
787,29.859232,-2.9496453,-16.85573,19
788,26.512398,-9.717104,-16.344582,19
789,26.404667,-9.849008,-15.15313,19
790,-3.633247,-11.3173485,-36.493088,19
791,-0.6426411,-15.877691,-31.805967,19
792,31.41627,6.233248,-6.626253,19
793,0.008044832,-6.8106766,-32.663532,19
794,16.075783,-8.0016985,-6.7527742,19
795,3.6083748,14.077784,-11.405892,19
796,-0.44084528,-12.484145,-34.382244,19
797,-1.2806413,-14.212941,-35.480343,19
798,8.659223,4.739722,8.142583,19
799,19.670397,-3.9781833,-0.34397587,19
800,-0.44084528,-12.484145,-34.382244,19
801,0.008044832,-6.8106766,-32.663532,19
802,-13.917877,14.199644,0.7267364,19
803,22.640053,-14.004951,-17.946997,20
804,9.067379,-6.110507,-11.188575,20
805,-28.010942,1.0087045,-9.214233,20
806,-23.063856,-22.926058,3.068172,20
807,14.51973,-9.768954,-16.180817,20
808,3.7356582,12.942337,3.8686306,20
809,-3.4549086,13.37488,23.204617,20
810,-15.13602,5.3776035,17.208832,20
811,-5.4077773,15.566807,22.912169,20
812,-8.594431,12.534674,-7.3800254,20
813,-16.979347,-9.732027,-13.758009,20
814,-13.388243,-4.8926287,1.8150249,20
815,-0.49624008,28.277197,7.1425247,20
816,3.0729585,17.837109,7.7651725,20
817,-25.569693,-3.5003004,20.347227,20
818,-2.8958576,-18.667435,-14.893054,20
819,-21.525988,-1.209334,14.714499,20
820,2.0017319,14.706825,24.760777,20
821,6.074396,15.368005,7.507963,20
822,-16.447004,-8.264891,-14.569676,20
823,-12.462723,18.200329,18.417625,20
824,3.1084237,22.183645,-2.1559126,20
825,-18.55907,3.1930912,-21.090733,20
826,-14.480785,8.222249,10.705956,20
827,-32.042618,-1.4266864,-3.111015,20
828,-17.661415,-7.863774,-12.784416,20
829,13.024268,-16.781376,-16.10278,20
830,-26.747734,-1.0844045,-8.727741,20
831,6.755783,15.569636,5.9148593,20
832,-25.569693,-3.5003004,20.347227,20
833,-23.063856,-22.926058,3.068172,20
834,-23.063856,-22.926058,3.068172,20
835,-27.59065,-0.58809036,-11.029155,20
836,-0.49624008,28.277197,7.1425247,20
837,25.762554,13.590873,-4.8517833,20
838,-14.68742,3.181688,15.438534,20
839,-23.780943,1.840717,-10.91529,20
840,1.4748279,-11.556419,-11.514749,20
841,6.731598,20.292011,-9.269442,20
842,-31.321703,-2.1445405,0.85293394,20
843,1.6095223,15.481136,23.807325,20
844,0.21454887,9.442445,32.313408,20
845,2.3356795,22.361992,1.4357224,20
846,-2.7711852,11.01724,23.725927,20
847,0.96645474,-16.363514,-9.832496,20
848,-25.683117,3.1156342,14.940666,20
849,-3.9021034,19.09118,13.852647,20
850,7.0117626,14.178717,6.203476,20
851,-23.021706,-2.6983933,18.920485,20
852,5.611568,26.93553,-5.9642854,20
853,-15.91854,7.1673656,-14.296027,20
854,-31.321703,-2.1445405,0.85293394,20
855,-6.336894,19.737608,11.190732,20
856,3.9813316,25.778717,-3.9669027,20
857,-16.447004,-8.264891,-14.569676,20
858,3.47748,23.892422,12.150636,20
859,10.2058935,7.6641836,10.585077,20
860,-4.4259696,4.8232255,13.3246565,20
861,-5.4077773,15.566807,22.912169,20
862,-27.00682,-17.629478,-0.9155663,20
863,9.193671,3.0403385,-8.689449,20
864,-27.59065,-0.58809036,-11.029155,20
865,-15.326512,7.7651577,-1.4920043,20
866,1.1134421,29.355715,-5.6092625,20
867,-4.7948327,24.912363,13.943171,20
868,-8.557964,24.512,9.552321,20
869,2.483942,23.973032,19.684847,20
870,21.482794,-12.91706,-15.364983,20
871,15.135206,15.701549,15.806726,20
872,4.322323,19.152441,-13.393091,20
873,4.2624464,20.51551,-13.41837,20
874,-28.010942,1.0087045,-9.214233,20
875,19.26286,6.3422675,-5.5136943,20
876,-17.864086,-9.232617,-5.4660573,20
877,0.95029604,24.635242,19.64539,20
878,-5.616149,23.37503,13.923101,20
879,-23.063856,-22.926058,3.068172,20
880,21.006716,-14.2550535,-16.79446,20
881,1.8541256,23.197943,0.5866575,20
882,4.7095346,25.440893,-1.8403273,20
883,-3.8470752,20.791023,11.53728,20
884,0.73072433,27.441795,8.2895155,20
885,-5.4077773,15.566807,22.912169,20
886,5.203449,14.208683,4.4569387,20
887,20.462244,8.617121,-4.6573257,20
888,-0.632433,18.117424,-12.833462,20
889,-5.4077773,15.566807,22.912169,20
890,19.45402,6.906117,-6.578949,20
891,-13.051491,8.839946,-1.787157,20
892,-1.080887,18.694,11.4438925,20
893,-6.6315956,23.818222,10.933776,20
894,-3.948174,19.928883,9.9238405,20
895,-32.110756,-1.1202002,-4.411776,20
896,-32.156826,-0.58853066,-6.396943,20
897,-15.482987,-3.6941698,3.2333283,20
898,3.5795536,6.554953,-0.1017372,20
899,-14.517946,-1.9818014,2.5061908,20
900,2.483942,23.973032,19.684847,20
901,2.010585,23.702894,11.39955,20
902,0.8706497,-6.2323127,1.5409927,20
903,14.51973,-9.768954,-16.180817,20
904,0.21454887,9.442445,32.313408,20
905,-16.578852,4.1941156,-12.369663,20
906,1.54151,19.119596,8.107916,20
907,-10.972723,-17.05887,2.5508363,20
908,-28.010942,1.0087045,-9.214233,20
909,-14.598824,-5.7472267,1.380427,20
910,22.009583,-12.2635565,-17.1861,20
911,-17.864086,-9.232617,-5.4660573,20
912,-13.757348,6.96304,-1.5453485,20
913,-5.4169455,18.166082,16.058243,20
914,-29.144007,-1.1625261,-9.273253,20
915,3.1453567,23.990307,-2.0505648,20
916,-2.273076,19.928406,14.25679,20
917,-26.350157,1.4658389,13.630344,20
918,-2.4964213,22.590916,11.235699,20
919,22.528753,12.353622,-5.76993,20
920,1.2387297,25.828037,-5.128599,20
921,-15.024767,6.0257335,-2.78726,20
922,-16.8147,7.6106253,-12.360955,20
923,-15.479349,-3.2676585,0.8862467,20
924,2.206709,23.204605,12.975419,20
925,10.960144,14.8681755,2.523169,20
926,-23.090406,-1.256819,16.149767,20
927,0.18076842,13.648075,24.753082,20
928,3.8355358,20.560646,11.422644,20
929,7.6420135,-5.491536,-11.456412,20
930,-23.021706,-2.6983933,18.920485,20
931,-15.917768,26.852299,-0.6482331,20
932,23.102837,-13.9107065,-15.997916,20
933,-2.741337,8.068186,-0.75247884,20
934,-2.96858,22.444462,-0.9198312,20
935,-23.123814,8.011683,-15.6818695,20
936,-7.0330777,16.43553,19.607443,20
937,-3.3682086,20.7696,7.731284,20
938,-18.285036,7.5995874,-14.2031765,20
939,-15.91854,7.1673656,-14.296027,20
940,-26.371181,0.02591955,13.236903,20
941,0.21454887,9.442445,32.313408,20
942,-6.3964105,14.7194395,5.7484245,20
943,-31.321703,-2.1445405,0.85293394,20
944,-11.042117,12.282854,17.087978,20
945,-17.287643,3.780207,-13.583265,20
946,-16.636576,5.1681824,14.427467,20
947,-2.238321,23.02748,-0.109099165,20
948,-0.82314575,16.065369,-12.187321,20
949,-19.004095,3.7399402,-11.489241,20
950,-11.209969,17.68983,18.230074,20
951,1.3363311,15.970139,-14.40916,20
952,-2.7189279,16.566042,5.031968,20
953,-5.90195,16.059788,10.871121,20
954,-8.533618,11.46673,-8.688011,20
955,7.6614017,-18.402882,-19.21596,20
956,-31.321703,-2.1445405,0.85293394,20
957,-4.7948327,24.912363,13.943171,20
958,-11.042117,12.282854,17.087978,20
959,8.595176,20.043783,1.1757796,20
960,-3.347887,22.469282,6.077334,20
961,-16.728186,-3.3910208,1.89138,20
962,-24.697891,-3.6163754,17.435303,20
963,-23.063856,-22.926058,3.068172,20
964,-15.91854,7.1673656,-14.296027,20
965,7.069011,5.7071958,5.917199,20
966,2.664582,20.345629,6.7259865,20
967,1.1134421,29.355715,-5.6092625,20
968,-12.022337,-0.3080608,2.6395168,20
969,6.60302,27.327482,-6.8659964,20
970,-3.0290837,17.520666,9.757454,20
971,15.476578,-24.727005,-14.182598,21
972,-6.439378,2.305218,5.954897,21
973,-24.019754,0.7945924,-10.10729,21
974,-19.726177,6.8007736,-17.727789,21
975,-23.17178,6.411325,-17.134668,21
976,-19.726177,6.8007736,-17.727789,21
977,-0.97561055,7.157945,19.690208,21
978,-6.439378,2.305218,5.954897,21
979,8.654062,20.26017,2.4686356,21
980,-20.71044,4.808687,-19.06442,21
981,1.139579,15.899476,10.054951,21
982,-11.381091,9.965949,16.815195,21
983,-6.594167,6.395944,12.957625,21
984,-18.29125,4.664233,-18.057873,21
985,-20.30853,4.5570655,-16.623981,21
986,-7.432,16.674522,18.20991,21
987,-6.066306,6.8373995,14.089668,21
988,-3.302456,-17.650078,-15.681811,21
989,-18.29125,4.664233,-18.057873,21
990,-20.592964,-32.35058,7.1304026,21
991,-20.592964,-32.35058,7.1304026,21
992,-20.592964,-32.35058,7.1304026,21
993,-10.620437,10.158265,15.476906,21
994,7.404618,-19.821096,-12.551017,21
995,-20.592964,-32.35058,7.1304026,21
996,-20.71044,4.808687,-19.06442,21
997,9.089508,3.7450175,0.3152565,21
998,-6.439378,2.305218,5.954897,21
999,-18.829056,6.2888436,-19.9335,21
1000,-0.932506,8.546898,18.769278,21
1001,0.47722524,7.9351745,19.415192,21
1002,-2.7109299,-14.800905,13.383937,22
1003,-9.354081,-11.053893,16.619087,22
1004,1.3210806,-21.167065,15.536504,22
1005,-5.1674323,-4.533429,22.177385,22
1006,-7.06992,-10.562487,9.532513,22
1007,-8.755527,1.7218623,-20.720976,22
1008,-8.121378,-11.478657,18.468979,22
1009,-1.0929059,-14.548209,13.877716,22
1010,-10.834167,-11.550031,11.77393,22
1011,-11.083802,-11.684382,18.116863,22
1012,-0.9816305,-16.575594,5.2661047,22
1013,6.204857,-13.857695,-0.52572715,22
1014,-9.533575,-11.7566395,13.517789,22
1015,-21.506626,2.2038524,7.373752,22
1016,6.204857,-13.857695,-0.52572715,22
1017,2.0244534,-14.501562,13.182636,22
1018,-1.4717697,-17.630245,4.708763,22
1019,0.3151888,-21.84879,15.377101,22
1020,-7.768778,-11.745126,13.901485,22
1021,4.721611,-12.765672,15.76962,22
1022,-9.272858,-12.310775,16.692348,22
1023,-4.0542293,-5.9952936,21.665545,22
1024,-5.9455495,-11.015845,13.102698,22
1025,0.79231226,-14.2538595,15.950728,22
1026,6.292908,-6.2353473,-1.2304858,23
1027,-0.12600087,-16.027336,-1.3354436,23
1028,6.7444754,-8.159074,4.664276,23
1029,-5.235959,-7.3467116,1.4834633,23
1030,-4.911987,-22.719633,12.384963,23
1031,-1.3234688,-16.098955,-1.4121693,23
1032,-8.087859,-22.026285,4.72775,23
1033,-20.159044,-35.63337,7.088443,23
1034,-6.483596,-21.442108,16.20681,23
1035,12.191436,-13.85249,5.785293,23
1036,12.792415,-16.834738,8.535447,23
1037,0.13732791,-30.163927,16.036743,24
1038,0.7107265,-8.4552965,7.1352863,24
1039,-5.1615734,-2.992803,0.21682976,24
1040,-9.761494,-17.681698,2.8707216,24
1041,-5.010607,9.684386,28.028448,24
1042,-13.421629,-25.778753,2.8635592,24
1043,-4.897172,-22.069662,0.54719496,24
1044,-10.762781,9.733728,29.345268,24
1045,-6.22651,-21.304993,3.3885615,24
1046,11.042827,-3.14181,-11.06959,24
1047,17.975096,19.69624,5.9327035,24
1048,-8.548094,6.486378,27.594528,24
1049,-21.442194,-0.73213583,7.072487,24
1050,-23.116972,-1.1139027,8.199053,24
1051,-5.1309814,-24.81846,-5.220541,24
1052,4.0740867,16.160467,-8.336572,24
1053,-3.126344,-22.05637,2.4619782,24
1054,1.2910044,13.706853,11.070779,24
1055,11.042827,-3.14181,-11.06959,24
1056,17.975096,19.69624,5.9327035,24
1057,-14.146437,-19.867916,11.66145,24
1058,-3.233727,-32.1818,-16.552538,24
1059,0.13732791,-30.163927,16.036743,24
1060,-3.9384997,4.5581217,5.756815,24
1061,-18.994991,-2.0979388,9.766468,24
1062,-4.0202565,-23.951656,1.3902345,24
1063,-5.0026574,-0.5252805,17.9909,24
1064,20.436596,-10.827598,-7.0099316,24
1065,-12.362325,-27.778728,1.5575861,24
1066,-7.6421585,14.662029,10.066271,24
1067,-2.0424557,-30.004469,-17.302832,24
1068,-1.4308709,-28.50824,11.766404,24
1069,-13.421629,-25.778753,2.8635592,24
1070,-13.129829,-21.389923,10.839812,24
1071,-1.5945364,-5.515165,11.01078,24
1072,-3.409326,-20.41354,0.8233518,24
1073,-10.093185,22.290026,10.527542,24
1074,-1.0747247,-31.78652,-17.933372,24
1075,-9.768299,-18.253979,6.890306,24
1076,8.139646,17.786842,-6.406319,24
1077,-2.8566532,8.915798,26.941107,24
1078,-18.236744,10.6271515,4.109987,24
1079,-2.5334382,-22.529825,0.14743365,24
1080,-8.212901,-18.788954,4.379393,24
1081,-5.5957775,-16.57018,11.712689,24
1082,-10.331481,-19.391691,6.6914096,24
1083,2.249981,15.302127,15.947954,24
1084,19.660896,-10.255553,5.0486493,24
1085,-18.994991,-2.0979388,9.766468,24
1086,-13.287257,-25.413465,0.93121433,24
1087,-4.2426453,-3.984011,11.998582,24
1088,-11.281707,-18.389263,9.848295,24
1089,0.13732791,-30.163927,16.036743,24
1090,-2.2913778,-29.120634,13.138711,24
1091,-17.675941,7.0325994,15.079966,24
1092,-3.6896052,8.048505,26.532536,24
1093,-2.1923127,-32.452194,0.5860248,24
1094,1.7245032,13.69404,15.926788,24
1095,-2.7166784,-21.831924,-10.454584,24
1096,4.0317216,14.529765,-8.34184,24
1097,-1.6578472,0.4359266,18.297281,24
1098,-14.122702,-21.636093,12.506539,24
1099,-16.403826,-3.367379,10.826246,24
1100,0.13732791,-30.163927,16.036743,24
1101,-5.1309814,-24.81846,-5.220541,24
1102,-13.421629,-25.778753,2.8635592,24
1103,2.360622,15.059149,-8.356778,24
1104,-23.55184,-0.23851623,6.4678955,24
1105,12.053387,-2.9542956,-12.777161,24
1106,-22.233252,-1.1434145,5.2894983,24
1107,-15.926412,26.013752,-1.5291351,24
1108,-2.1923127,-32.452194,0.5860248,24
1109,1.3516204,-21.039682,-20.099398,24
1110,0.885763,17.995983,-14.803857,24
1111,-1.0747247,-31.78652,-17.933372,24
1112,-17.430656,-5.5361953,6.5149117,24
1113,-12.498315,-20.539532,12.5423355,24
1114,-1.0747247,-31.78652,-17.933372,24
1115,0.13732791,-30.163927,16.036743,24
1116,-12.391439,-15.861023,1.9240218,24
1117,4.061727,10.65646,-6.8979945,24
1118,-3.126344,-22.05637,2.4619782,24
1119,-6.86887,-11.455542,-23.561497,24
1120,13.063678,-6.4179373,-7.5248966,24
1121,-4.032077,-31.466854,0.10651793,24
1122,-1.5445154,-27.731062,13.584043,24
1123,-2.5334382,-22.529825,0.14743365,24
1124,-19.249422,-6.45767,3.6362803,24
1125,-3.2608974,-16.085743,-2.590009,24
1126,-5.5957775,-16.57018,11.712689,24
1127,-11.281707,-18.389263,9.848295,24
1128,-1.6573431,-31.70834,-15.462425,24
1129,-18.994991,-2.0979388,9.766468,24
1130,3.2506347,14.035517,15.45613,24
1131,-2.0574167,-22.214281,-11.401721,24
1132,-2.3801208,-31.37056,-1.2525339,24
1133,-13.570467,-17.136614,7.2564006,24
1134,-13.570467,-17.136614,7.2564006,24
1135,-22.67541,-2.4583254,6.782609,24
1136,-4.032077,-31.466854,0.10651793,24
1137,-10.901324,-8.457551,24.94996,25
1138,-10.901324,-8.457551,24.94996,25
1139,-13.015033,-8.456854,24.598156,25
1140,-11.758582,-7.104467,23.516813,25
1141,-12.100136,-6.80319,25.61293,25
1142,11.62524,1.6736071,-15.439554,26
1143,18.903812,-6.2550898,25.10207,26
1144,6.474937,-6.9505844,18.97822,26
1145,18.458439,-4.951673,27.201595,26
1146,-5.728061,10.592006,29.884474,26
1147,5.0664845,-3.9486878,22.135239,26
1148,1.8306865,-8.245748,26.242867,26
1149,2.1818938,-5.930183,17.028896,26
1150,2.4750335,-5.731201,15.707073,26
1151,2.0703487,-6.033484,25.592398,26
1152,10.927398,-28.432741,-0.21620423,26
1153,4.182712,-5.653227,25.67012,26
1154,17.53959,-5.6837244,28.8179,26
1155,-2.2301605,-7.4198327,26.624615,26
1156,-3.0526536,-4.152752,26.908047,26
1157,3.7261972,-3.820184,22.511003,26
1158,-5.4764414,-14.307411,-5.593092,26
1159,-8.198247,14.86912,4.4444633,26
1160,17.444262,-10.95643,27.156618,26
1161,-8.085821,8.549368,30.73254,26
1162,15.768988,-3.9641545,26.684414,26
1163,5.668203,-8.28047,18.180143,26
1164,15.132628,-3.962142,28.853807,26
1165,6.2145753,-10.950255,16.498514,26
1166,4.025607,0.7706655,20.0904,26
1167,-3.0526536,-4.152752,26.908047,26
1168,15.139486,-6.02942,28.317087,26
1169,-7.0246043,-3.5401053,26.127481,26
1170,-7.0246043,-3.5401053,26.127481,26
1171,6.4084606,-8.747798,20.087582,26
1172,17.444262,-10.95643,27.156618,26
1173,4.382185,-9.171659,22.76851,26
1174,-2.0470068,-3.0455449,22.045435,26
1175,15.768988,-3.9641545,26.684414,26
1176,5.6721354,5.2501493,21.085226,26
1177,-3.2373724,-2.6327465,22.194332,26
1178,-7.532188,-4.138083,24.212914,26
1179,11.0365305,1.9843224,25.891026,26
1180,17.96555,-2.6895752,28.466763,26
1181,8.856295,-5.8032923,18.839342,26
1182,2.5342577,-7.2483244,24.218414,26
1183,11.62524,1.6736071,-15.439554,26
1184,15.495031,-6.126291,26.234068,26
1185,17.31389,-11.701652,29.531569,26
1186,11.913613,-29.248154,-0.8473757,26
1187,4.599339,-3.2030542,20.176018,26
1188,-1.7029352,-1.2594736,14.250582,26
1189,3.921059,-7.8103433,25.476519,26
1190,7.3758545,-8.146936,18.02796,26
1191,9.873326,2.2856774,25.86903,26
1192,11.62524,1.6736071,-15.439554,26
1193,5.921384,4.3143187,20.169468,26
1194,-0.17194462,-4.7727084,27.960876,26
1195,3.0464003,-6.9947762,27.324581,26
1196,17.444262,-10.95643,27.156618,26
1197,4.6052794,3.009114,0.86895895,26
1198,19.185423,-9.580269,25.692959,26
1199,5.0143456,-13.446003,8.382796,26
1200,20.800507,-10.370964,24.67844,26
1201,-1.7700489,-5.3925524,26.105669,26
1202,13.724491,-4.821684,27.154243,26
1203,-5.4764414,-14.307411,-5.593092,26
1204,10.422312,-28.857937,-1.921569,26
1205,-0.4525289,-20.63757,28.381826,27
1206,7.3273187,-20.577791,30.244999,27
1207,12.901478,-15.629116,28.935717,27
1208,3.4057992,-16.285532,31.632702,27
1209,1.3457131,-15.814789,30.430079,27
1210,-0.4525289,-20.63757,28.381826,27
1211,-0.4525289,-20.63757,28.381826,27
1212,-0.4525289,-20.63757,28.381826,27
1213,13.609702,-16.493435,26.91281,27
1214,12.901478,-15.629116,28.935717,27
1215,9.105696,-8.49677,20.098782,27
1216,-3.4629416,-1.9544383,26.041252,27
1217,3.3872533,-16.351332,29.187346,27
1218,12.901478,-15.629116,28.935717,27
1219,3.3872533,-16.351332,29.187346,27
1220,3.3872533,-16.351332,29.187346,27
1221,13.609702,-16.493435,26.91281,27
1222,13.609702,-16.493435,26.91281,27
1223,3.3872533,-16.351332,29.187346,27
1224,3.3872533,-16.351332,29.187346,27
1225,7.3273187,-20.577791,30.244999,27
